CustomerID,Age,Annual_Income,Spending_Score
1,57,17,3
2,47,18,60
3,33,16,3
4,61,15,9
5,26,16,90
6,39,17,71
7,57,16,87
8,37,15,94
9,41,15,20
10,29,17,90
11,29,15,34
12,42,17,47
13,54,17,35
14,58,15,76
15,42,19,75
16,21,17,51
17,40,15,35
18,20,19,73
19,42,17,70
20,62,19,30
21,48,18,89
22,56,18,55
23,20,19,46
24,39,17,82
25,51,15,57
26,30,16,12
27,40,15,16
28,62,16,38
29,43,16,36
30,45,17,90
31,60,19,20
32,46,15,18
33,34,19,39
34,33,18,43
35,62,17,27
36,21,17,10
37,55,18,90
38,25,15,86
39,39,18,86
40,27,15,20
41,57,16,70
42,36,17,50
43,22,15,72
44,43,19,69
45,32,19,20
46,27,17,20
47,44,18,58
48,20,18,25
49,38,15,37
50,46,18,8
51,25,17,28
52,62,15,87
53,26,16,63
54,53,18,90
55,32,18,17
56,35,15,93
57,54,19,34
58,58,18,14
59,22,17,7
60,20,18,66
61,24,16,73
62,60,18,88
63,22,19,29
64,47,18,81
65,36,15,47
66,44,18,37
67,62,19,28
68,52,15,25
69,28,17,15
70,54,15,92
71,32,16,5
72,49,15,31
73,33,17,68
74,26,18,66
75,32,15,30
76,41,15,89
77,58,15,38
78,39,15,8
79,34,17,13
80,63,19,40
81,36,19,36
82,42,15,83
83,44,17,69
84,43,17,48
85,63,15,88
86,59,16,31
87,47,15,62
88,33,16,56
89,63,15,71
90,19,16,76
91,43,16,76
92,25,15,11
93,27,16,87
94,42,18,79
95,19,19,12
96,62,17,77
97,26,16,70
98,42,16,60
99,29,17,54
100,35,16,36
101,26,17,37
102,53,15,35
103,53,18,74
104,51,18,34
105,23,19,57
106,60,16,10
107,57,19,48
108,59,15,16
109,46,18,10
110,25,15,73
111,27,15,79
112,26,16,56
113,30,15,23
114,52,18,77
115,51,19,16
116,41,18,77
117,42,16,4
118,55,18,63
119,53,17,19
120,62,19,80
121,58,17,91
122,40,17,50
123,45,16,93
124,53,15,10
125,19,17,58
126,53,18,19
127,55,15,71
128,32,18,14
129,21,18,40
130,19,15,20
131,23,15,28
132,44,18,39
133,32,16,72
134,57,19,43
135,45,19,81
136,27,16,44
137,33,15,92
138,33,18,78
139,44,19,43
140,60,18,49
141,31,16,16
142,50,18,3
143,57,16,19
144,50,15,57
145,22,16,55
146,48,16,33
147,55,19,64
148,41,18,10
149,57,19,32
150,63,17,79
151,33,16,82
152,61,17,68
153,47,19,47
154,54,18,20
155,31,19,47
156,50,18,21
157,25,18,79
158,40,15,70
159,46,16,85
160,20,19,52
161,60,18,27
162,63,19,40
163,24,19,38
164,46,18,70
165,46,17,58
166,62,16,41
167,62,16,65
168,38,15,9
169,48,15,60
170,29,15,82
171,46,16,61
172,43,17,50
173,57,16,7
174,51,16,89
175,19,16,38
176,45,16,90
177,31,17,27
178,59,15,47
179,21,19,94
180,57,15,21
181,24,15,9
182,26,19,60
183,45,16,83
184,27,17,68
185,55,17,82
186,51,15,41
187,60,19,20
188,62,18,3
189,42,16,65
190,33,15,5
191,50,17,23
192,50,19,32
193,42,19,13
194,59,15,24
195,30,18,59
196,57,17,91
197,20,15,5
198,21,18,32
199,55,19,90
200,35,16,47
201,20,17,38
202,20,17,89
203,46,18,74
204,41,15,66
205,55,19,56
206,50,18,70
207,51,16,52
208,19,16,33
209,37,16,31
210,20,18,61
211,62,19,38
212,44,17,79
213,50,15,75
214,24,17,87
215,50,19,69
216,22,17,91
217,29,18,91
218,35,16,78
219,56,19,13
220,42,19,13
221,23,17,28
222,52,18,55
223,24,17,16
224,40,17,66
225,29,19,82
226,34,17,12
227,51,16,33
228,27,17,38
229,24,16,12
230,34,19,28
231,47,18,22
232,21,16,46
233,38,18,64
234,54,18,75
235,37,16,81
236,44,19,11
237,21,15,73
238,37,18,92
239,38,18,26
240,50,19,14
241,25,19,62
242,59,17,86
243,51,19,80
244,58,18,88
245,57,16,18
246,36,15,31
247,58,17,34
248,19,16,85
249,29,15,37
250,46,15,45
251,43,15,55
252,41,16,22
253,49,17,86
254,48,17,10
255,60,15,44
256,53,16,79
257,25,15,72
258,34,19,18
259,44,17,71
260,20,18,55
261,19,15,47
262,30,19,53
263,23,17,8
264,55,16,35
265,50,17,81
266,27,16,17
267,59,16,16
268,53,15,41
269,37,15,65
270,34,17,7
271,21,19,92
272,38,17,83
273,42,18,54
274,51,16,18
275,42,16,40
276,29,15,55
277,26,19,89
278,54,15,79
279,56,18,55
280,58,17,48
281,38,17,93
282,53,19,17
283,43,15,61
284,53,15,52
285,43,18,11
286,47,17,28
287,36,15,5
288,64,19,49
289,36,17,7
290,20,18,64
291,53,19,86
292,34,16,86
293,59,18,7
294,54,19,12
295,51,15,82
296,22,16,65
297,51,18,27
298,32,15,46
299,39,16,27
300,38,17,32
301,26,15,16
302,25,19,88
303,21,18,45
304,35,16,30
305,51,15,21
306,30,17,44
307,40,18,22
308,40,18,88
309,64,15,81
310,48,17,13
311,56,16,56
312,56,15,26
313,63,16,72
314,26,18,19
315,45,16,30
316,45,17,52
317,52,19,57
318,39,17,75
319,48,16,12
320,51,15,23
321,46,18,60
322,51,19,36
323,23,15,45
324,37,15,13
325,22,17,35
326,53,16,60
327,35,17,48
328,62,16,63
329,46,17,64
330,48,15,3
331,47,18,23
332,64,16,64
333,24,19,66
334,53,19,89
335,59,15,75
336,55,17,58
337,42,17,3
338,47,15,23
339,64,19,24
340,49,19,56
341,53,17,6
342,51,16,67
343,39,18,53
344,50,16,76
345,41,19,65
346,51,16,17
347,21,18,38
348,36,16,31
349,43,16,54
350,60,16,48
351,49,16,71
352,21,15,31
353,58,19,49
354,64,18,93
355,42,19,27
356,50,15,82
357,40,15,18
358,41,15,91
359,20,15,43
360,45,16,67
361,60,19,71
362,20,17,22
363,44,18,71
364,35,15,38
365,58,19,60
366,51,15,50
367,27,15,84
368,61,15,4
369,57,15,82
370,47,15,31
371,60,18,18
372,44,19,37
373,53,15,64
374,43,15,83
375,42,15,6
376,31,15,70
377,25,16,53
378,54,16,91
379,63,17,35
380,38,15,80
381,19,17,26
382,26,18,77
383,64,17,27
384,34,19,30
385,32,16,9
386,30,16,38
387,41,15,12
388,33,15,38
389,46,18,85
390,52,18,20
391,20,19,8
392,50,15,94
393,41,15,9
394,40,18,14
395,43,18,43
396,40,18,65
397,40,16,27
398,60,17,83
399,24,17,55
400,33,15,35
401,61,16,89
402,55,18,75
403,51,15,8
404,26,16,64
405,62,19,68
406,62,16,11
407,23,15,69
408,57,17,18
409,22,18,91
410,24,19,90
411,63,16,57
412,50,15,42
413,48,15,28
414,53,18,40
415,58,15,37
416,34,15,89
417,31,18,70
418,60,19,61
419,48,17,16
420,37,17,49
421,35,16,73
422,37,19,74
423,46,16,44
424,44,17,53
425,55,18,21
426,44,15,68
427,41,17,49
428,27,19,67
429,30,17,44
430,19,19,40
431,19,19,15
432,52,19,46
433,50,16,26
434,43,18,32
435,58,17,72
436,63,18,40
437,19,15,25
438,34,17,76
439,57,18,59
440,23,18,81
441,40,15,25
442,47,19,38
443,21,17,59
444,30,17,3
445,44,15,74
446,34,19,5
447,55,17,16
448,40,17,83
449,47,17,36
450,32,19,72
451,46,15,71
452,23,17,53
453,48,18,31
454,64,19,84
455,23,16,50
456,30,15,81
457,34,18,81
458,44,17,18
459,44,16,59
460,39,15,12
461,57,19,21
462,54,16,69
463,51,16,38
464,48,18,6
465,55,15,77
466,41,18,35
467,28,18,30
468,23,17,82
469,54,19,11
470,52,16,77
471,49,15,8
472,28,19,51
473,37,19,93
474,50,15,78
475,19,19,24
476,23,17,50
477,63,19,23
478,22,17,35
479,34,16,83
480,42,16,58
481,34,18,31
482,20,17,55
483,46,16,42
484,50,19,76
485,45,15,20
486,38,15,49
487,42,17,15
488,30,18,29
489,53,19,64
490,51,17,76
491,51,15,47
492,61,17,5
493,55,19,24
494,30,16,29
495,21,19,57
496,19,16,69
497,51,16,35
498,58,16,4
499,28,17,77
500,61,15,48
501,62,17,76
502,47,15,35
503,31,19,60
504,30,18,9
505,49,19,17
506,64,17,28
507,20,17,13
508,53,15,40
509,41,17,29
510,35,16,9
511,44,17,3
512,26,15,76
513,47,15,23
514,44,16,81
515,28,15,32
516,44,18,10
517,52,19,90
518,59,17,85
519,25,18,5
520,22,17,57
521,63,18,17
522,29,17,38
523,47,16,8
524,54,15,44
525,43,15,52
526,39,16,20
527,54,18,85
528,28,19,52
529,55,18,32
530,27,15,79
531,42,19,41
532,53,17,14
533,53,19,61
534,54,18,78
535,36,16,46
536,57,17,90
537,50,18,6
538,42,17,38
539,41,19,50
540,50,15,16
541,55,18,83
542,30,16,51
543,31,19,69
544,41,18,89
545,43,16,79
546,53,18,11
547,59,19,23
548,48,18,74
549,35,17,83
550,38,19,18
551,43,18,18
552,40,15,30
553,31,18,53
554,37,17,58
555,54,16,82
556,30,16,59
557,59,16,54
558,37,15,48
559,30,17,80
560,27,19,40
561,25,16,86
562,46,17,50
563,32,18,43
564,49,15,61
565,37,17,69
566,34,17,76
567,23,19,86
568,53,17,68
569,30,19,29
570,43,15,34
571,39,15,58
572,54,18,12
573,41,19,42
574,34,19,19
575,57,16,60
576,63,16,8
577,60,18,41
578,57,15,20
579,32,16,75
580,49,17,74
581,23,15,91
582,53,17,44
583,41,19,6
584,47,15,22
585,61,18,30
586,29,19,42
587,36,19,67
588,30,17,46
589,27,19,25
590,28,16,59
591,62,15,49
592,35,16,15
593,56,17,18
594,25,17,92
595,64,15,57
596,31,19,67
597,58,18,83
598,60,17,18
599,27,15,39
600,45,18,54
601,20,19,12
602,23,17,40
603,47,15,46
604,55,15,76
605,56,15,56
606,37,17,53
607,26,18,54
608,63,15,72
609,19,19,94
610,40,15,94
611,35,18,61
612,25,17,15
613,43,15,43
614,63,15,14
615,22,19,52
616,54,19,59
617,24,15,52
618,49,15,59
619,37,19,56
620,62,18,68
621,57,16,10
622,45,16,65
623,28,15,11
624,44,19,62
625,37,17,65
626,57,17,74
627,21,16,5
628,63,18,75
629,31,16,15
630,46,15,11
631,38,18,91
632,46,17,54
633,26,19,64
634,59,19,10
635,57,15,47
636,19,16,55
637,21,15,65
638,31,19,83
639,46,17,59
640,43,19,56
641,51,18,21
642,56,19,69
643,24,19,48
644,62,18,12
645,63,16,20
646,50,19,14
647,63,15,51
648,39,19,25
649,34,15,64
650,39,18,13
651,29,19,75
652,55,18,58
653,54,18,90
654,53,16,91
655,37,19,57
656,38,15,27
657,36,15,11
658,59,19,14
659,32,16,13
660,33,16,40
661,49,16,30
662,19,15,10
663,21,18,76
664,34,16,91
665,41,15,49
666,29,15,38
667,30,18,52
668,28,19,11
669,50,19,62
670,34,16,74
671,26,16,69
672,56,18,55
673,30,16,84
674,42,18,19
675,46,15,55
676,26,16,30
677,46,15,65
678,54,17,17
679,44,18,21
680,26,17,88
681,46,16,72
682,46,15,49
683,55,16,73
684,59,17,50
685,54,16,75
686,45,19,22
687,35,17,39
688,27,16,77
689,51,15,4
690,38,16,66
691,31,15,88
692,46,19,38
693,47,16,7
694,31,19,66
695,64,17,9
696,53,15,72
697,24,17,24
698,36,15,76
699,23,19,48
700,43,18,42
701,20,16,63
702,28,19,48
703,48,15,86
704,63,15,30
705,23,15,89
706,51,15,37
707,19,16,3
708,36,17,31
709,50,18,11
710,29,16,11
711,39,15,24
712,44,16,65
713,43,19,68
714,40,15,82
715,45,18,60
716,31,15,72
717,51,18,57
718,52,18,15
719,59,17,21
720,53,17,81
721,19,16,35
722,39,16,76
723,24,18,67
724,46,15,62
725,35,19,14
726,23,19,45
727,49,15,19
728,23,15,70
729,56,17,31
730,21,19,57
731,41,18,9
732,55,16,46
733,55,17,79
734,28,19,7
735,28,15,62
736,37,19,8
737,35,18,9
738,39,17,48
739,32,15,59
740,27,18,56
741,64,16,94
742,19,17,48
743,63,18,12
744,31,18,6
745,22,15,69
746,19,16,27
747,58,18,89
748,50,17,93
749,52,18,80
750,46,19,63
751,49,17,40
752,26,17,34
753,57,18,25
754,44,15,39
755,52,17,5
756,21,19,15
757,30,15,36
758,19,15,90
759,62,15,67
760,23,17,78
761,48,15,10
762,48,18,85
763,35,15,11
764,41,19,30
765,33,16,80
766,55,19,93
767,39,17,20
768,32,15,44
769,20,15,43
770,29,18,72
771,57,15,35
772,56,19,91
773,52,17,79
774,56,16,56
775,52,15,89
776,36,16,38
777,48,15,87
778,33,17,58
779,45,19,19
780,52,17,12
781,56,16,89
782,51,15,46
783,42,16,4
784,33,19,16
785,48,17,43
786,60,16,4
787,35,16,21
788,23,19,82
789,47,15,91
790,22,16,3
791,28,19,4
792,35,15,29
793,28,15,4
794,35,17,53
795,38,19,12
796,42,15,21
797,23,17,82
798,52,18,15
799,24,19,50
800,20,18,58
801,31,15,74
802,61,19,58
803,61,17,52
804,29,15,47
805,41,19,91
806,34,19,61
807,49,18,41
808,29,15,23
809,34,17,57
810,26,17,59
811,22,15,43
812,58,15,72
813,22,16,84
814,43,18,51
815,21,15,46
816,50,15,37
817,21,16,93
818,45,16,7
819,47,19,73
820,50,17,76
821,37,18,76
822,39,19,53
823,23,15,59
824,36,16,60
825,46,17,94
826,60,19,38
827,40,17,12
828,39,16,52
829,24,19,39
830,19,19,22
831,23,17,15
832,59,16,77
833,30,15,21
834,44,19,94
835,64,15,58
836,52,16,47
837,32,19,62
838,44,19,70
839,63,15,59
840,45,18,56
841,27,15,39
842,44,15,85
843,40,18,39
844,48,16,16
845,61,16,94
846,35,19,46
847,44,17,85
848,54,17,44
849,19,19,3
850,26,17,25
851,53,15,66
852,33,15,30
853,40,18,6
854,32,18,43
855,44,19,62
856,46,19,20
857,41,19,65
858,32,15,63
859,42,17,51
860,20,19,49
861,63,19,41
862,44,15,91
863,32,15,84
864,25,15,8
865,21,17,85
866,41,19,55
867,64,16,78
868,61,16,27
869,63,19,67
870,36,19,7
871,56,19,67
872,53,19,10
873,33,17,41
874,43,16,45
875,55,18,84
876,46,16,75
877,28,16,7
878,57,15,6
879,35,19,3
880,57,19,58
881,40,19,47
882,44,15,67
883,62,17,5
884,43,17,24
885,35,18,74
886,31,17,58
887,38,17,20
888,43,19,27
889,22,16,50
890,28,17,86
891,21,17,33
892,59,15,32
893,63,18,82
894,36,15,68
895,54,19,83
896,40,16,12
897,52,18,73
898,26,15,61
899,58,17,53
900,62,17,11
901,37,18,56
902,60,17,64
903,59,15,83
904,55,15,11
905,24,17,11
906,44,17,26
907,52,19,41
908,63,16,77
909,24,18,10
910,55,15,27
911,51,18,68
912,40,19,12
913,39,15,26
914,24,19,82
915,24,19,85
916,22,17,61
917,48,18,33
918,29,18,13
919,48,17,8
920,49,18,72
921,42,17,34
922,27,15,41
923,21,19,50
924,49,19,15
925,58,18,61
926,55,16,69
927,54,19,58
928,42,17,43
929,49,16,58
930,24,16,37
931,20,19,40
932,38,19,83
933,46,19,69
934,29,17,36
935,22,16,78
936,33,18,90
937,24,17,72
938,48,15,13
939,56,19,29
940,20,16,50
941,33,17,26
942,29,15,20
943,26,17,29
944,44,17,56
945,63,18,57
946,62,18,23
947,23,17,61
948,24,15,36
949,44,16,60
950,22,16,50
951,37,19,56
952,38,19,20
953,51,16,5
954,38,17,26
955,30,17,3
956,19,18,8
957,44,18,21
958,32,19,88
959,56,16,45
960,55,17,10
961,29,16,71
962,54,15,54
963,31,16,75
964,61,15,49
965,21,18,87
966,51,18,30
967,24,19,48
968,28,16,6
969,23,16,90
970,41,15,10
971,28,18,63
972,62,15,19
973,20,18,36
974,31,15,22
975,58,18,82
976,20,15,76
977,38,18,36
978,19,15,45
979,55,16,12
980,27,19,32
981,35,15,27
982,27,19,59
983,29,16,65
984,33,16,73
985,42,18,49
986,56,19,86
987,53,17,83
988,48,18,5
989,49,19,48
990,23,15,38
991,62,15,28
992,32,16,12
993,29,17,36
994,27,15,80
995,52,19,10
996,30,19,57
997,53,15,93
998,53,19,12
999,19,19,59
1000,58,16,81
1001,40,17,88
1002,47,16,47
1003,26,17,52
1004,29,19,66
1005,59,17,4
1006,55,19,47
1007,32,19,64
1008,48,16,16
1009,53,16,76
1010,39,18,17
1011,55,15,16
1012,23,18,33
1013,37,18,31
1014,32,17,29
1015,44,19,87
1016,22,19,11
1017,43,19,22
1018,63,15,60
1019,60,17,81
1020,43,17,90
1021,36,19,51
1022,58,18,59
1023,26,15,18
1024,57,18,77
1025,58,16,10
1026,32,17,69
1027,50,17,21
1028,56,18,69
1029,51,15,38
1030,41,17,91
1031,33,18,62
1032,51,15,38
1033,43,18,13
1034,35,15,53
1035,51,19,82
1036,20,15,57
1037,32,16,56
1038,58,19,19
1039,58,18,64
1040,57,19,44
1041,24,19,26
1042,24,18,19
1043,21,18,50
1044,25,16,86
1045,26,18,88
1046,60,17,72
1047,33,17,9
1048,47,16,16
1049,51,15,13
1050,48,15,14
1051,57,17,7
1052,45,18,7
1053,54,16,22
1054,47,15,56
1055,56,15,57
1056,51,19,60
1057,55,17,81
1058,45,18,92
1059,51,16,32
1060,22,15,26
1061,40,19,89
1062,20,17,75
1063,28,17,5
1064,23,16,50
1065,28,15,73
1066,51,16,24
1067,56,16,16
1068,31,19,50
1069,49,17,31
1070,54,18,52
1071,63,17,82
1072,42,17,12
1073,33,19,73
1074,47,18,91
1075,26,15,29
1076,23,18,81
1077,47,15,30
1078,22,18,11
1079,30,16,73
1080,63,18,82
1081,20,19,28
1082,45,15,83
1083,49,17,89
1084,54,19,10
1085,54,15,4
1086,44,15,59
1087,61,17,54
1088,45,16,60
1089,23,19,5
1090,38,17,10
1091,29,17,61
1092,28,16,4
1093,58,19,64
1094,56,17,51
1095,24,16,22
1096,26,19,31
1097,41,18,19
1098,44,15,76
1099,64,16,24
1100,61,15,8
1101,30,18,64
1102,44,17,33
1103,31,17,64
1104,58,19,14
1105,36,16,14
1106,43,16,65
1107,51,19,18
1108,58,15,27
1109,61,17,24
1110,30,17,93
1111,62,16,90
1112,54,16,78
1113,22,19,20
1114,23,18,47
1115,55,15,82
1116,26,18,70
1117,60,18,14
1118,46,16,51
1119,49,16,35
1120,27,16,88
1121,47,18,65
1122,32,15,20
1123,58,16,56
1124,59,17,29
1125,40,15,85
1126,29,17,80
1127,41,15,27
1128,19,16,36
1129,64,19,90
1130,55,16,62
1131,39,18,56
1132,44,18,89
1133,64,15,7
1134,54,18,38
1135,41,16,56
1136,19,17,90
1137,58,16,38
1138,33,15,71
1139,39,18,41
1140,27,17,72
1141,27,19,6
1142,28,17,76
1143,44,17,67
1144,59,16,87
1145,53,19,42
1146,43,15,39
1147,44,15,69
1148,29,17,33
1149,56,17,93
1150,20,18,83
1151,25,19,89
1152,36,17,79
1153,45,18,49
1154,52,19,29
1155,45,15,53
1156,35,18,22
1157,61,19,15
1158,62,18,65
1159,42,17,46
1160,43,16,26
1161,25,15,5
1162,24,17,12
1163,42,17,67
1164,51,19,51
1165,47,18,60
1166,61,15,79
1167,40,17,80
1168,44,19,4
1169,46,15,68
1170,39,18,33
1171,25,17,70
1172,35,17,85
1173,38,17,39
1174,59,15,75
1175,38,15,26
1176,40,15,79
1177,46,15,46
1178,58,19,85
1179,25,16,43
1180,19,19,76
1181,50,17,53
1182,31,19,44
1183,48,18,80
1184,41,15,42
1185,37,18,50
1186,50,18,86
1187,48,17,6
1188,47,15,62
1189,63,18,41
1190,47,17,7
1191,48,15,8
1192,34,16,16
1193,58,17,72
1194,37,19,80
1195,36,15,14
1196,19,18,64
1197,32,18,29
1198,20,19,56
1199,46,19,92
1200,48,18,14
1201,56,15,10
1202,22,17,76
1203,19,19,18
1204,26,19,54
1205,47,19,28
1206,57,16,10
1207,21,15,47
1208,50,15,86
1209,28,15,83
1210,28,15,21
1211,37,15,19
1212,64,18,67
1213,52,19,31
1214,51,18,16
1215,41,16,19
1216,46,17,15
1217,50,19,93
1218,25,16,65
1219,47,18,35
1220,26,17,31
1221,19,16,39
1222,21,17,85
1223,42,16,48
1224,41,18,26
1225,26,17,16
1226,55,16,7
1227,21,18,55
1228,51,19,90
1229,46,18,32
1230,26,18,62
1231,52,19,75
1232,53,18,93
1233,50,19,30
1234,42,19,28
1235,32,19,20
1236,50,16,38
1237,64,17,10
1238,61,16,20
1239,34,19,86
1240,22,17,60
1241,55,17,34
1242,39,19,51
1243,32,17,50
1244,49,17,84
1245,36,16,73
1246,25,17,67
1247,28,19,94
1248,25,15,35
1249,51,15,52
1250,41,15,6
1251,39,19,86
1252,37,15,38
1253,37,16,30
1254,54,19,5
1255,47,19,8
1256,36,19,47
1257,20,17,25
1258,19,17,9
1259,23,17,63
1260,38,18,67
1261,29,16,8
1262,60,19,26
1263,20,19,39
1264,21,17,47
1265,41,19,53
1266,30,19,90
1267,38,15,47
1268,23,19,65
1269,55,18,31
1270,56,17,27
1271,48,16,12
1272,27,16,37
1273,52,15,57
1274,62,16,27
1275,53,16,93
1276,40,17,47
1277,62,17,14
1278,42,18,6
1279,35,15,92
1280,28,16,69
1281,48,18,19
1282,64,15,75
1283,41,16,67
1284,50,16,84
1285,35,17,55
1286,35,19,86
1287,32,15,59
1288,27,16,30
1289,58,15,18
1290,20,18,23
1291,63,18,79
1292,43,19,44
1293,57,16,56
1294,27,17,34
1295,40,16,40
1296,61,15,72
1297,64,18,40
1298,22,15,56
1299,44,19,62
1300,47,18,79
1301,63,17,79
1302,52,18,49
1303,41,16,14
1304,55,16,55
1305,29,18,35
1306,24,19,30
1307,36,16,5
1308,39,16,84
1309,60,17,28
1310,54,18,56
1311,59,16,42
1312,56,19,68
1313,52,15,70
1314,35,18,94
1315,55,17,94
1316,43,16,91
1317,56,19,92
1318,30,18,49
1319,41,19,4
1320,60,19,44
1321,40,17,36
1322,39,18,23
1323,45,16,46
1324,49,17,89
1325,24,16,4
1326,45,15,93
1327,58,19,61
1328,52,15,88
1329,30,19,18
1330,63,17,22
1331,25,16,28
1332,28,16,18
1333,63,17,72
1334,35,18,25
1335,44,15,44
1336,39,15,39
1337,46,16,74
1338,64,16,8
1339,20,16,39
1340,61,17,24
1341,19,18,8
1342,54,15,34
1343,44,19,19
1344,47,17,40
1345,39,15,19
1346,29,18,39
1347,58,17,25
1348,29,15,51
1349,54,17,63
1350,57,15,51
1351,58,15,63
1352,53,18,79
1353,52,19,34
1354,42,18,88
1355,40,15,65
1356,23,17,9
1357,51,18,24
1358,54,19,87
1359,38,15,8
1360,37,18,63
1361,53,18,16
1362,61,18,18
1363,35,18,5
1364,63,17,11
1365,61,19,49
1366,52,19,87
1367,27,15,44
1368,44,16,44
1369,20,17,25
1370,27,15,5
1371,27,15,3
1372,58,18,69
1373,35,16,73
1374,19,16,5
1375,43,17,51
1376,61,16,69
1377,58,15,57
1378,60,16,6
1379,43,16,33
1380,57,19,68
1381,53,15,80
1382,21,16,66
1383,55,16,33
1384,62,18,65
1385,62,16,68
1386,48,16,33
1387,56,19,49
1388,52,15,24
1389,30,17,76
1390,37,15,85
1391,55,18,48
1392,62,15,91
1393,35,16,60
1394,28,18,63
1395,30,15,48
1396,34,18,3
1397,42,17,27
1398,37,15,63
1399,26,16,83
1400,49,18,16
1401,39,19,47
1402,35,18,79
1403,41,19,41
1404,55,16,68
1405,34,17,34
1406,24,19,60
1407,26,17,58
1408,43,18,8
1409,36,16,91
1410,43,19,69
1411,30,18,84
1412,33,15,52
1413,44,18,40
1414,59,17,5
1415,63,16,7
1416,44,16,26
1417,50,18,56
1418,28,15,36
1419,34,17,41
1420,25,18,90
1421,35,18,94
1422,41,16,50
1423,44,17,51
1424,39,15,36
1425,40,16,82
1426,25,18,9
1427,32,16,20
1428,33,16,72
1429,25,19,94
1430,27,16,36
1431,26,16,53
1432,41,17,70
1433,47,16,16
1434,36,15,71
1435,49,18,91
1436,48,17,10
1437,57,16,17
1438,53,15,85
1439,36,18,61
1440,60,17,13
1441,57,15,22
1442,35,16,57
1443,32,19,38
1444,49,19,84
1445,42,17,16
1446,53,15,60
1447,62,18,40
1448,63,15,91
1449,52,19,82
1450,21,17,84
1451,55,16,3
1452,61,15,67
1453,58,19,3
1454,44,18,87
1455,41,17,62
1456,62,16,27
1457,57,15,93
1458,33,18,12
1459,22,16,52
1460,47,19,14
1461,40,19,94
1462,43,18,34
1463,31,19,35
1464,36,17,74
1465,51,18,28
1466,34,19,44
1467,63,15,52
1468,60,19,63
1469,62,17,43
1470,20,16,59
1471,53,16,4
1472,60,19,72
1473,52,16,33
1474,48,19,25
1475,31,17,78
1476,31,16,56
1477,36,15,30
1478,50,19,81
1479,50,16,21
1480,53,17,78
1481,57,17,50
1482,64,15,4
1483,47,17,13
1484,47,17,46
1485,62,16,61
1486,34,19,61
1487,62,18,40
1488,28,17,27
1489,48,17,23
1490,43,18,44
1491,57,17,38
1492,38,16,11
1493,23,16,14
1494,19,18,12
1495,48,17,61
1496,21,17,7
1497,63,19,35
1498,32,17,71
1499,48,16,82
1500,22,15,65
1501,36,15,31
1502,55,15,20
1503,43,15,8
1504,19,17,55
1505,64,17,84
1506,33,19,34
1507,27,17,44
1508,33,15,49
1509,42,18,33
1510,22,18,64
1511,30,16,58
1512,55,16,13
1513,55,17,28
1514,61,18,94
1515,24,15,29
1516,57,15,85
1517,64,15,59
1518,42,17,29
1519,29,17,61
1520,31,19,64
1521,52,15,22
1522,43,15,5
1523,25,17,18
1524,22,17,46
1525,26,19,81
1526,38,19,32
1527,47,16,42
1528,63,18,67
1529,64,15,31
1530,28,15,32
1531,61,19,34
1532,52,19,12
1533,44,16,93
1534,59,18,53
1535,21,16,10
1536,24,18,53
1537,23,15,38
1538,23,16,57
1539,41,19,37
1540,27,16,38
1541,53,16,58
1542,38,15,38
1543,60,19,91
1544,53,19,86
1545,36,17,63
1546,35,17,64
1547,42,17,83
1548,21,15,89
1549,50,16,27
1550,53,19,66
1551,56,19,62
1552,31,16,59
1553,43,19,72
1554,27,16,54
1555,22,15,58
1556,32,15,65
1557,55,15,70
1558,52,16,22
1559,29,16,56
1560,59,18,3
1561,21,19,92
1562,46,19,12
1563,47,18,25
1564,27,18,53
1565,21,15,26
1566,43,18,15
1567,52,16,31
1568,30,17,60
1569,60,16,93
1570,27,18,45
1571,33,19,12
1572,58,16,33
1573,43,19,76
1574,23,16,90
1575,29,19,16
1576,52,16,36
1577,42,19,19
1578,33,17,23
1579,56,15,69
1580,26,16,60
1581,23,17,81
1582,44,15,10
1583,36,16,40
1584,24,17,28
1585,55,17,66
1586,31,17,32
1587,46,18,11
1588,23,19,34
1589,31,15,13
1590,35,19,88
1591,58,19,36
1592,63,19,20
1593,50,17,21
1594,47,19,56
1595,21,18,84
1596,58,16,39
1597,52,17,84
1598,58,15,14
1599,45,16,6
1600,31,16,45
1601,63,16,29
1602,51,19,53
1603,24,19,7
1604,42,17,8
1605,37,19,79
1606,34,19,89
1607,58,19,58
1608,46,17,91
1609,51,17,70
1610,59,18,46
1611,31,18,17
1612,61,18,92
1613,63,18,44
1614,43,16,13
1615,60,16,75
1616,54,18,13
1617,45,18,68
1618,56,15,29
1619,25,16,60
1620,23,15,92
1621,61,15,74
1622,63,19,23
1623,49,17,23
1624,41,16,74
1625,60,18,3
1626,28,18,60
1627,50,17,15
1628,61,16,75
1629,48,18,94
1630,57,18,8
1631,49,19,89
1632,36,15,60
1633,54,18,19
1634,20,16,75
1635,32,17,14
1636,31,19,88
1637,47,16,54
1638,30,19,78
1639,57,15,72
1640,20,18,75
1641,50,16,54
1642,31,17,39
1643,64,15,5
1644,45,15,10
1645,59,19,12
1646,35,15,49
1647,58,16,43
1648,49,19,66
1649,52,15,44
1650,42,17,45
1651,63,16,11
1652,53,17,16
1653,24,17,93
1654,37,19,6
1655,48,18,4
1656,25,19,87
1657,28,16,3
1658,59,16,77
1659,50,19,67
1660,52,18,48
1661,46,19,61
1662,33,16,77
1663,48,18,9
1664,55,16,68
1665,47,18,17
1666,40,18,74
1667,22,19,49
1668,38,19,92
1669,50,19,42
1670,54,18,44
1671,22,18,53
1672,45,16,37
1673,35,17,43
1674,30,19,87
1675,40,16,59
1676,35,16,40
1677,28,15,74
1678,19,19,10
1679,40,16,76
1680,44,15,65
1681,36,19,89
1682,32,18,6
1683,47,15,50
1684,30,18,54
1685,54,17,40
1686,53,17,89
1687,30,17,7
1688,25,17,87
1689,47,16,72
1690,29,17,83
1691,51,16,91
1692,24,16,26
1693,33,19,88
1694,50,16,79
1695,29,16,19
1696,41,17,80
1697,44,16,92
1698,52,18,85
1699,64,17,28
1700,52,15,5
1701,47,17,4
1702,22,16,94
1703,35,18,4
1704,53,17,24
1705,31,18,73
1706,59,15,6
1707,57,15,40
1708,33,19,86
1709,47,19,72
1710,47,17,75
1711,29,19,54
1712,50,18,33
1713,20,19,28
1714,32,18,38
1715,38,19,28
1716,40,19,30
1717,29,19,7
1718,45,16,76
1719,21,16,20
1720,35,19,17
1721,62,18,59
1722,46,17,7
1723,47,15,39
1724,39,16,88
1725,34,19,88
1726,55,15,24
1727,38,16,54
1728,24,17,17
1729,37,18,19
1730,23,19,53
1731,21,17,47
1732,19,16,65
1733,56,19,30
1734,33,15,61
1735,52,18,88
1736,53,16,23
1737,43,18,44
1738,42,19,83
1739,30,17,71
1740,36,18,84
1741,33,15,19
1742,62,16,70
1743,34,15,9
1744,45,18,91
1745,26,17,42
1746,64,17,42
1747,43,15,45
1748,35,19,75
1749,47,19,85
1750,26,17,53
1751,33,15,75
1752,45,15,25
1753,64,15,34
1754,25,18,33
1755,21,19,19
1756,47,19,60
1757,62,18,88
1758,42,16,37
1759,21,18,32
1760,38,15,66
1761,64,18,55
1762,33,15,53
1763,43,17,39
1764,48,15,92
1765,32,19,8
1766,25,18,36
1767,35,15,58
1768,62,16,27
1769,38,17,15
1770,54,16,65
1771,27,16,68
1772,56,16,7
1773,40,17,77
1774,20,17,13
1775,42,17,90
1776,26,17,80
1777,29,16,46
1778,31,19,87
1779,35,19,71
1780,26,17,4
1781,39,18,42
1782,36,15,39
1783,48,18,51
1784,36,18,77
1785,64,18,38
1786,49,19,77
1787,56,15,75
1788,50,18,72
1789,29,17,36
1790,63,19,60
1791,43,17,39
1792,51,17,62
1793,56,18,14
1794,59,17,34
1795,26,15,83
1796,29,17,6
1797,40,18,35
1798,42,17,45
1799,59,19,11
1800,35,19,53
1801,30,19,22
1802,64,16,41
1803,50,19,25
1804,33,19,43
1805,34,16,46
1806,40,19,37
1807,46,18,25
1808,38,19,60
1809,51,19,50
1810,28,16,89
1811,58,18,60
1812,50,17,59
1813,51,15,89
1814,20,18,41
1815,51,17,30
1816,51,18,66
1817,59,17,64
1818,31,17,85
1819,48,18,64
1820,51,16,87
1821,31,18,90
1822,44,18,87
1823,40,17,28
1824,57,15,53
1825,20,17,52
1826,56,19,38
1827,57,18,28
1828,44,18,35
1829,64,16,70
1830,33,17,75
1831,52,16,10
1832,60,18,68
1833,62,17,25
1834,58,17,72
1835,29,19,57
1836,21,19,45
1837,24,15,23
1838,27,19,24
1839,24,17,11
1840,27,19,36
1841,57,15,61
1842,49,18,28
1843,50,19,3
1844,59,17,7
1845,30,18,43
1846,26,17,65
1847,26,18,24
1848,46,17,70
1849,38,19,50
1850,25,19,68
1851,29,15,18
1852,38,18,82
1853,34,15,55
1854,22,16,88
1855,24,19,67
1856,40,18,81
1857,44,15,66
1858,21,15,90
1859,59,16,70
1860,60,15,65
1861,32,17,64
1862,29,19,84
1863,36,15,83
1864,30,15,73
1865,41,16,47
1866,30,17,54
1867,31,15,76
1868,43,19,67
1869,63,19,4
1870,37,15,51
1871,64,17,24
1872,54,19,31
1873,63,19,37
1874,26,17,83
1875,47,17,78
1876,50,15,26
1877,62,18,32
1878,36,16,86
1879,24,18,44
1880,36,18,73
1881,37,19,52
1882,40,17,73
1883,55,19,62
1884,50,16,32
1885,59,15,14
1886,21,16,51
1887,46,19,84
1888,28,19,48
1889,53,19,45
1890,47,19,4
1891,33,18,77
1892,51,15,82
1893,25,18,56
1894,30,19,37
1895,48,17,54
1896,39,18,35
1897,49,19,87
1898,42,19,86
1899,38,15,74
1900,55,16,53
1901,22,18,28
1902,46,18,64
1903,62,18,63
1904,38,19,28
1905,42,15,39
1906,50,19,32
1907,59,19,13
1908,54,17,55
1909,52,15,43
1910,54,18,7
1911,20,16,68
1912,33,18,15
1913,52,19,65
1914,54,15,84
1915,24,15,92
1916,57,15,27
1917,60,17,46
1918,30,18,16
1919,21,17,71
1920,63,16,61
1921,36,19,58
1922,58,17,54
1923,39,17,68
1924,33,19,70
1925,51,15,14
1926,53,19,77
1927,44,18,70
1928,26,19,45
1929,54,15,75
1930,48,19,76
1931,41,17,93
1932,60,16,8
1933,62,17,17
1934,32,16,44
1935,32,19,33
1936,20,18,88
1937,55,19,55
1938,23,15,8
1939,56,19,35
1940,63,16,31
1941,59,17,23
1942,32,18,56
1943,57,19,58
1944,43,19,23
1945,38,17,57
1946,20,18,60
1947,57,19,66
1948,24,19,88
1949,35,16,48
1950,43,16,86
1951,46,15,24
1952,20,17,62
1953,53,18,13
1954,55,19,49
1955,23,19,33
1956,19,15,79
1957,58,19,20
1958,30,17,24
1959,54,15,58
1960,63,17,19
1961,41,15,40
1962,49,19,27
1963,29,15,34
1964,28,16,17
1965,21,18,15
1966,32,19,60
1967,34,18,92
1968,28,19,52
1969,47,18,13
1970,28,16,15
1971,30,18,52
1972,48,15,40
1973,59,18,3
1974,19,19,41
1975,23,17,29
1976,38,18,38
1977,26,18,34
1978,61,18,43
1979,30,19,17
1980,19,18,33
1981,38,19,8
1982,46,19,91
1983,61,17,54
1984,55,15,84
1985,55,19,24
1986,30,16,33
1987,55,18,75
1988,62,16,48
1989,46,18,69
1990,33,17,93
1991,24,19,45
1992,62,15,3
1993,38,19,46
1994,32,18,59
1995,20,15,11
1996,27,19,7
1997,55,15,81
1998,38,18,11
1999,44,17,47
2000,47,17,94
2001,19,19,79
2002,53,16,26
2003,24,18,76
2004,55,19,44
2005,23,19,24
2006,51,17,62
2007,32,15,88
2008,30,18,39
2009,60,15,41
2010,38,18,86
2011,42,16,76
2012,61,17,76
2013,52,16,92
2014,43,19,91
2015,47,17,55
2016,57,19,30
2017,49,16,79
2018,61,18,17
2019,41,19,62
2020,62,15,62
2021,56,18,8
2022,38,18,54
2023,41,16,14
2024,63,16,21
2025,34,17,77
2026,60,17,4
2027,26,15,57
2028,39,18,17
2029,19,15,66
2030,26,15,71
2031,47,16,17
2032,50,15,45
2033,56,15,76
2034,23,19,19
2035,40,17,26
2036,52,17,76
2037,19,18,32
2038,44,17,69
2039,61,18,53
2040,28,19,62
2041,48,17,5
2042,36,19,7
2043,35,17,30
2044,44,17,80
2045,26,19,13
2046,58,15,74
2047,30,15,74
2048,45,15,78
2049,26,15,17
2050,43,17,85
2051,64,16,50
2052,22,19,48
2053,51,16,30
2054,19,16,9
2055,37,18,73
2056,49,15,84
2057,34,17,90
2058,32,15,8
2059,23,15,60
2060,59,16,70
2061,44,18,57
2062,46,15,69
2063,20,19,51
2064,24,19,53
2065,27,15,61
2066,51,16,8
2067,59,16,92
2068,43,17,53
2069,31,18,40
2070,27,16,13
2071,31,17,54
2072,49,19,22
2073,59,19,12
2074,29,19,28
2075,22,15,50
2076,52,18,93
2077,56,17,16
2078,64,18,61
2079,22,15,14
2080,56,17,25
2081,37,17,87
2082,24,16,74
2083,52,18,41
2084,36,18,11
2085,31,16,90
2086,59,19,27
2087,41,15,19
2088,37,18,44
2089,63,16,31
2090,29,17,62
2091,19,16,69
2092,42,19,87
2093,25,15,59
2094,43,19,74
2095,39,17,16
2096,33,17,41
2097,19,17,18
2098,30,17,20
2099,25,16,77
2100,33,17,22
2101,39,17,48
2102,37,16,47
2103,47,17,6
2104,43,19,86
2105,51,19,22
2106,50,18,13
2107,53,19,67
2108,62,15,20
2109,56,15,41
2110,44,15,46
2111,29,16,20
2112,53,19,49
2113,26,15,33
2114,64,18,41
2115,32,16,40
2116,28,18,81
2117,20,19,49
2118,64,17,72
2119,27,18,10
2120,21,17,88
2121,39,16,67
2122,44,18,15
2123,26,18,57
2124,20,16,90
2125,24,16,87
2126,46,15,45
2127,47,19,6
2128,44,18,73
2129,43,18,62
2130,30,16,14
2131,23,16,61
2132,52,19,79
2133,55,16,56
2134,33,17,46
2135,62,17,18
2136,54,17,8
2137,33,17,16
2138,61,19,60
2139,41,18,33
2140,24,17,43
2141,64,16,37
2142,62,17,12
2143,61,19,83
2144,63,16,32
2145,39,17,46
2146,41,18,57
2147,61,16,73
2148,34,16,20
2149,33,18,85
2150,43,16,81
2151,54,17,88
2152,29,16,41
2153,33,17,44
2154,22,18,56
2155,39,15,32
2156,31,18,22
2157,40,17,44
2158,37,19,91
2159,52,18,89
2160,32,19,7
2161,22,19,52
2162,64,17,43
2163,45,17,41
2164,47,15,59
2165,46,16,93
2166,53,18,59
2167,26,17,39
2168,34,18,9
2169,60,19,7
2170,54,16,81
2171,48,15,53
2172,36,18,10
2173,20,16,58
2174,31,15,75
2175,22,18,13
2176,44,16,24
2177,43,17,79
2178,48,18,13
2179,29,16,62
2180,25,15,17
2181,49,16,40
2182,62,17,3
2183,28,18,48
2184,57,18,90
2185,31,18,45
2186,49,17,24
2187,25,15,5
2188,60,18,16
2189,60,15,4
2190,54,16,63
2191,38,15,34
2192,22,15,40
2193,25,18,48
2194,19,19,44
2195,62,19,8
2196,63,17,43
2197,60,17,27
2198,31,19,13
2199,40,16,43
2200,39,18,73
2201,40,18,59
2202,46,16,48
2203,27,16,88
2204,44,19,50
2205,27,17,65
2206,33,16,41
2207,28,17,12
2208,42,15,87
2209,60,18,72
2210,26,19,67
2211,42,18,61
2212,34,19,80
2213,44,15,38
2214,45,18,29
2215,55,15,75
2216,22,19,57
2217,42,16,72
2218,37,18,83
2219,54,15,55
2220,57,18,62
2221,28,18,63
2222,43,18,38
2223,36,17,87
2224,37,15,29
2225,54,15,43
2226,28,18,30
2227,51,16,18
2228,23,18,37
2229,53,17,38
2230,62,19,58
2231,52,17,21
2232,51,16,59
2233,39,18,87
2234,35,15,35
2235,40,18,25
2236,55,16,65
2237,33,15,72
2238,53,17,24
2239,46,19,69
2240,25,19,82
2241,50,18,61
2242,29,17,27
2243,28,16,19
2244,27,19,41
2245,32,17,79
2246,31,18,94
2247,43,15,77
2248,20,18,76
2249,53,18,41
2250,25,17,26
2251,39,19,40
2252,36,17,90
2253,21,15,83
2254,60,17,59
2255,57,16,46
2256,59,18,38
2257,29,19,72
2258,57,15,82
2259,42,18,47
2260,64,17,94
2261,37,16,28
2262,22,17,13
2263,44,18,54
2264,56,15,27
2265,60,19,33
2266,50,18,87
2267,57,15,47
2268,63,18,69
2269,64,16,78
2270,54,17,42
2271,58,19,48
2272,55,15,56
2273,51,19,43
2274,54,19,91
2275,21,19,83
2276,27,15,40
2277,26,15,38
2278,51,19,85
2279,24,17,46
2280,59,18,59
2281,57,19,68
2282,22,16,83
2283,31,19,32
2284,20,15,12
2285,23,18,63
2286,62,16,65
2287,45,18,38
2288,50,18,56
2289,39,16,67
2290,26,19,84
2291,56,19,6
2292,26,19,57
2293,21,17,56
2294,62,19,93
2295,21,16,91
2296,40,17,66
2297,24,19,94
2298,20,17,24
2299,41,16,27
2300,62,19,83
2301,20,15,61
2302,56,16,59
2303,35,18,56
2304,53,18,46
2305,52,16,54
2306,41,18,78
2307,48,16,18
2308,26,15,18
2309,40,16,83
2310,62,19,57
2311,54,19,63
2312,23,17,81
2313,31,18,79
2314,47,18,42
2315,49,16,93
2316,34,18,23
2317,60,19,68
2318,48,15,10
2319,34,16,73
2320,30,18,12
2321,35,19,59
2322,34,17,6
2323,30,18,45
2324,26,15,65
2325,38,15,45
2326,21,18,69
2327,34,18,84
2328,48,19,53
2329,63,18,58
2330,41,17,45
2331,46,19,26
2332,58,16,36
2333,23,17,61
2334,38,19,4
2335,58,19,4
2336,62,15,12
2337,19,19,25
2338,48,17,17
2339,39,18,78
2340,38,17,19
2341,24,16,84
2342,40,19,16
2343,36,19,83
2344,26,19,81
2345,57,19,78
2346,50,15,18
2347,51,15,34
2348,34,18,25
2349,30,19,36
2350,56,16,18
2351,52,18,36
2352,32,19,73
2353,54,15,35
2354,51,16,70
2355,41,18,45
2356,63,16,66
2357,20,19,73
2358,59,17,20
2359,39,16,70
2360,20,16,63
2361,45,15,77
2362,27,19,22
2363,19,16,13
2364,29,19,81
2365,21,15,48
2366,41,19,66
2367,44,15,83
2368,22,15,78
2369,36,18,30
2370,24,19,50
2371,53,17,37
2372,40,18,10
2373,61,15,93
2374,33,17,24
2375,40,16,26
2376,55,16,68
2377,60,18,88
2378,30,17,66
2379,60,19,67
2380,56,17,16
2381,36,18,27
2382,63,19,5
2383,53,19,7
2384,48,16,67
2385,42,17,56
2386,60,19,21
2387,48,18,56
2388,32,16,78
2389,24,19,12
2390,21,17,18
2391,34,16,48
2392,25,17,31
2393,32,17,17
2394,27,17,50
2395,33,16,13
2396,39,19,36
2397,53,15,38
2398,20,19,32
2399,45,16,75
2400,20,15,84
2401,53,15,21
2402,36,15,70
2403,32,18,72
2404,38,16,35
2405,36,18,82
2406,28,15,77
2407,43,18,24
2408,20,18,38
2409,43,16,25
2410,51,17,65
2411,54,18,28
2412,49,18,62
2413,32,15,7
2414,19,15,56
2415,64,15,40
2416,34,19,64
2417,64,18,27
2418,21,15,14
2419,53,16,24
2420,59,19,11
2421,24,17,86
2422,43,18,31
2423,31,18,46
2424,52,16,29
2425,26,17,57
2426,39,17,83
2427,52,19,7
2428,22,18,54
2429,43,15,15
2430,33,16,44
2431,22,16,17
2432,63,16,81
2433,30,16,20
2434,50,15,52
2435,50,15,4
2436,46,19,89
2437,31,18,15
2438,49,15,70
2439,32,19,49
2440,38,17,91
2441,36,18,77
2442,47,15,52
2443,24,17,14
2444,50,19,15
2445,47,15,11
2446,61,15,61
2447,20,17,47
2448,41,15,72
2449,37,16,45
2450,49,15,76
2451,23,18,25
2452,37,17,81
2453,52,18,47
2454,28,19,25
2455,43,18,36
2456,20,16,18
2457,29,16,65
2458,49,18,53
2459,33,19,34
2460,27,15,40
2461,41,16,58
2462,37,18,71
2463,27,18,19
2464,53,18,88
2465,39,15,41
2466,27,17,43
2467,46,19,50
2468,64,17,84
2469,25,19,30
2470,34,19,79
2471,34,18,52
2472,51,16,3
2473,22,18,52
2474,22,15,21
2475,57,19,61
2476,58,16,70
2477,35,19,69
2478,55,19,43
2479,57,18,12
2480,47,16,30
2481,54,16,36
2482,56,19,41
2483,57,16,85
2484,55,16,58
2485,53,18,54
2486,25,17,5
2487,45,15,25
2488,46,17,19
2489,40,16,73
2490,32,19,28
2491,25,15,20
2492,55,15,48
2493,40,19,72
2494,23,15,33
2495,20,19,11
2496,45,15,37
2497,39,17,83
2498,56,15,62
2499,33,18,78
2500,39,19,65
2501,28,15,54
2502,41,19,50
2503,57,18,63
2504,23,15,26
2505,19,15,76
2506,31,18,60
2507,39,18,66
2508,44,18,32
2509,63,19,31
2510,39,18,12
2511,36,19,41
2512,55,17,57
2513,63,15,30
2514,50,15,20
2515,54,16,43
2516,35,17,83
2517,53,18,77
2518,29,18,67
2519,39,17,83
2520,44,18,48
2521,22,16,62
2522,52,19,11
2523,36,15,47
2524,58,17,62
2525,53,15,30
2526,59,19,5
2527,47,17,53
2528,47,19,10
2529,56,18,72
2530,60,18,61
2531,39,18,63
2532,60,19,60
2533,31,19,72
2534,59,19,14
2535,35,15,11
2536,27,19,51
2537,59,18,85
2538,19,16,19
2539,20,19,56
2540,47,16,46
2541,51,18,34
2542,28,19,37
2543,58,15,80
2544,39,15,51
2545,46,16,56
2546,29,15,18
2547,52,15,87
2548,26,15,14
2549,40,18,90
2550,26,15,10
2551,33,17,23
2552,35,19,50
2553,41,15,10
2554,42,15,30
2555,63,15,82
2556,37,17,12
2557,23,15,54
2558,50,15,17
2559,62,19,6
2560,19,17,92
2561,41,17,81
2562,55,15,64
2563,26,17,6
2564,31,16,43
2565,26,17,75
2566,41,17,57
2567,61,17,30
2568,19,18,49
2569,63,18,11
2570,42,18,4
2571,53,17,69
2572,42,16,50
2573,35,17,71
2574,23,15,76
2575,38,16,30
2576,39,18,81
2577,58,19,16
2578,49,16,48
2579,64,18,89
2580,54,16,15
2581,29,16,18
2582,33,17,42
2583,37,15,74
2584,25,19,83
2585,46,18,32
2586,61,16,83
2587,23,19,67
2588,23,16,60
2589,48,15,90
2590,50,19,50
2591,26,18,51
2592,28,16,91
2593,56,15,4
2594,50,19,91
2595,46,16,16
2596,35,16,19
2597,49,18,33
2598,26,15,12
2599,58,17,72
2600,43,16,91
2601,27,19,39
2602,20,18,66
2603,33,18,32
2604,21,16,36
2605,54,16,20
2606,22,16,90
2607,32,17,65
2608,59,16,51
2609,59,15,58
2610,43,19,93
2611,28,16,60
2612,39,17,29
2613,54,19,57
2614,30,18,87
2615,45,16,21
2616,58,19,25
2617,20,18,49
2618,31,17,81
2619,50,15,68
2620,49,16,53
2621,34,15,86
2622,50,17,30
2623,50,19,59
2624,52,19,60
2625,29,17,17
2626,28,17,18
2627,33,16,49
2628,35,18,65
2629,58,15,14
2630,36,15,45
2631,27,19,86
2632,43,19,31
2633,58,16,51
2634,32,17,5
2635,43,15,71
2636,40,16,62
2637,48,19,68
2638,38,19,89
2639,39,15,92
2640,62,19,28
2641,50,19,73
2642,64,18,76
2643,39,17,71
2644,53,19,49
2645,50,18,78
2646,48,16,44
2647,57,19,33
2648,30,16,24
2649,59,19,19
2650,36,15,86
2651,39,18,22
2652,31,18,10
2653,39,15,51
2654,26,17,89
2655,64,18,40
2656,58,16,55
2657,64,18,30
2658,25,17,79
2659,41,16,31
2660,62,16,74
2661,50,15,13
2662,29,19,49
2663,40,15,47
2664,40,19,20
2665,61,15,52
2666,43,19,91
2667,40,18,51
2668,46,16,24
2669,47,19,47
2670,31,18,63
2671,36,17,23
2672,20,15,73
2673,47,17,63
2674,39,18,78
2675,33,17,38
2676,45,17,26
2677,49,18,34
2678,33,16,93
2679,41,19,61
2680,42,15,92
2681,62,19,77
2682,31,15,84
2683,40,19,7
2684,61,17,18
2685,55,16,13
2686,51,17,37
2687,21,16,77
2688,37,18,44
2689,41,15,89
2690,47,15,83
2691,48,18,12
2692,57,19,84
2693,62,18,10
2694,43,18,28
2695,55,16,5
2696,26,18,61
2697,60,15,90
2698,34,17,5
2699,26,16,40
2700,19,16,4
2701,62,19,19
2702,23,17,75
2703,21,16,38
2704,19,18,88
2705,22,16,90
2706,58,16,75
2707,53,16,4
2708,50,19,87
2709,60,16,36
2710,52,16,29
2711,61,19,39
2712,43,17,73
2713,28,15,24
2714,39,19,70
2715,64,19,16
2716,57,16,25
2717,45,16,46
2718,45,15,91
2719,20,16,67
2720,59,18,81
2721,31,16,80
2722,27,16,63
2723,54,18,87
2724,40,15,57
2725,60,18,73
2726,44,19,87
2727,30,18,52
2728,35,17,14
2729,32,19,81
2730,32,16,17
2731,52,19,19
2732,38,15,36
2733,29,15,37
2734,34,18,41
2735,49,19,80
2736,24,16,57
2737,37,15,61
2738,55,16,7
2739,22,17,32
2740,22,15,6
2741,38,18,17
2742,28,17,37
2743,42,19,76
2744,53,16,57
2745,44,15,68
2746,55,17,62
2747,56,17,26
2748,39,15,94
2749,58,19,24
2750,57,19,46
2751,39,18,34
2752,28,19,85
2753,56,18,53
2754,64,17,87
2755,22,15,5
2756,63,19,72
2757,38,18,34
2758,35,17,4
2759,25,19,90
2760,22,16,61
2761,47,17,93
2762,32,19,75
2763,21,17,79
2764,42,15,16
2765,55,15,53
2766,34,15,13
2767,22,16,80
2768,42,15,82
2769,52,16,12
2770,48,15,86
2771,36,17,82
2772,37,19,60
2773,49,19,36
2774,37,15,82
2775,64,19,80
2776,37,15,55
2777,40,15,30
2778,42,18,20
2779,63,18,28
2780,30,18,9
2781,48,16,47
2782,56,18,47
2783,49,15,73
2784,54,17,37
2785,37,18,54
2786,63,18,23
2787,54,17,30
2788,48,15,46
2789,51,16,82
2790,36,18,58
2791,46,17,12
2792,29,15,25
2793,63,19,50
2794,51,16,54
2795,35,17,17
2796,24,17,57
2797,22,17,45
2798,38,18,52
2799,45,19,8
2800,33,16,35
2801,24,15,64
2802,32,15,57
2803,29,19,41
2804,57,17,14
2805,27,17,33
2806,44,17,76
2807,34,17,55
2808,23,17,36
2809,28,19,43
2810,21,18,12
2811,31,16,54
2812,61,17,77
2813,48,18,59
2814,63,15,80
2815,24,19,5
2816,35,18,59
2817,63,17,35
2818,37,17,9
2819,60,17,6
2820,53,18,41
2821,64,17,50
2822,44,18,76
2823,23,17,81
2824,47,15,18
2825,55,15,40
2826,38,16,6
2827,39,17,6
2828,28,17,29
2829,23,18,88
2830,54,18,88
2831,24,17,19
2832,44,16,72
2833,22,17,56
2834,57,18,10
2835,57,17,55
2836,53,18,7
2837,19,17,71
2838,42,19,49
2839,54,18,76
2840,24,16,42
2841,59,19,9
2842,64,17,14
2843,62,18,27
2844,49,19,30
2845,38,16,45
2846,42,18,79
2847,43,19,49
2848,54,19,51
2849,39,19,88
2850,48,15,56
2851,42,17,20
2852,62,18,29
2853,60,18,74
2854,48,18,8
2855,40,19,77
2856,46,17,71
2857,25,16,73
2858,53,18,24
2859,46,17,61
2860,32,17,49
2861,28,15,70
2862,34,18,34
2863,34,19,85
2864,49,17,3
2865,60,17,56
2866,43,16,48
2867,31,15,43
2868,24,17,43
2869,62,17,10
2870,27,19,34
2871,63,19,32
2872,54,16,48
2873,61,16,94
2874,38,16,54
2875,36,19,91
2876,61,19,63
2877,39,15,15
2878,22,18,91
2879,51,18,42
2880,45,15,63
2881,25,18,46
2882,24,19,64
2883,33,18,46
2884,36,19,50
2885,50,15,76
2886,29,16,61
2887,38,15,59
2888,42,18,13
2889,33,19,27
2890,25,18,63
2891,39,18,48
2892,60,16,56
2893,44,18,36
2894,62,16,86
2895,32,19,9
2896,55,19,64
2897,39,16,59
2898,36,15,78
2899,23,19,7
2900,21,15,78
2901,41,19,37
2902,44,19,86
2903,55,17,39
2904,42,18,62
2905,37,18,67
2906,43,15,18
2907,39,18,32
2908,30,15,75
2909,59,19,44
2910,51,17,63
2911,22,17,76
2912,60,19,79
2913,25,16,50
2914,40,16,64
2915,51,18,86
2916,35,15,66
2917,42,17,59
2918,52,18,70
2919,46,19,48
2920,61,17,30
2921,59,15,79
2922,57,15,5
2923,40,16,39
2924,35,18,50
2925,52,19,21
2926,24,17,94
2927,64,15,85
2928,24,17,19
2929,52,19,84
2930,19,17,84
2931,28,18,89
2932,39,16,42
2933,23,17,52
2934,20,16,75
2935,40,19,31
2936,20,16,53
2937,28,17,44
2938,52,17,31
2939,34,15,68
2940,57,17,19
2941,40,16,33
2942,30,15,94
2943,42,17,54
2944,58,17,41
2945,56,19,62
2946,28,15,53
2947,53,19,86
2948,50,19,18
2949,25,19,16
2950,39,18,92
2951,38,19,86
2952,44,16,44
2953,22,17,53
2954,64,18,26
2955,40,19,84
2956,33,17,45
2957,58,15,75
2958,39,15,21
2959,33,17,86
2960,40,16,63
2961,46,17,65
2962,32,17,28
2963,45,18,37
2964,59,15,69
2965,58,15,58
2966,46,19,42
2967,44,17,31
2968,20,17,8
2969,43,16,54
2970,21,15,3
2971,26,16,54
2972,62,18,26
2973,51,19,36
2974,60,16,9
2975,53,15,77
2976,24,18,13
2977,57,17,38
2978,41,18,22
2979,43,16,65
2980,61,15,82
2981,37,16,65
2982,23,17,71
2983,29,17,90
2984,30,15,32
2985,28,19,32
2986,26,18,86
2987,42,18,24
2988,46,17,63
2989,59,16,23
2990,54,16,39
2991,55,19,29
2992,39,16,37
2993,26,18,40
2994,27,16,62
2995,33,19,72
2996,64,18,34
2997,58,16,82
2998,36,18,94
2999,60,17,82
3000,38,17,29
3001,24,17,5
3002,30,16,51
3003,20,19,87
3004,25,18,32
3005,34,15,24
3006,21,17,21
3007,63,17,33
3008,21,15,22
3009,45,15,21
3010,61,16,4
3011,58,18,42
3012,56,17,41
3013,51,19,93
3014,46,16,74
3015,19,16,56
3016,26,19,29
3017,55,19,81
3018,50,19,14
3019,61,15,80
3020,55,17,73
3021,22,15,19
3022,48,17,92
3023,24,15,86
3024,64,18,12
3025,37,17,21
3026,50,16,84
3027,27,17,32
3028,30,17,32
3029,29,17,27
3030,64,18,90
3031,34,15,76
3032,19,16,68
3033,63,15,37
3034,39,15,53
3035,48,19,73
3036,31,18,73
3037,52,19,29
3038,22,18,12
3039,46,15,45
3040,56,15,57
3041,49,18,73
3042,45,15,8
3043,23,15,8
3044,43,16,79
3045,21,19,50
3046,51,19,79
3047,22,19,4
3048,43,17,85
3049,38,16,53
3050,52,19,63
3051,44,19,21
3052,23,16,4
3053,53,15,53
3054,46,19,28
3055,47,15,72
3056,27,19,22
3057,56,18,25
3058,24,17,56
3059,37,19,17
3060,62,18,8
3061,29,16,94
3062,20,18,37
3063,62,16,77
3064,62,19,10
3065,27,16,59
3066,39,18,52
3067,42,17,51
3068,52,15,90
3069,40,15,23
3070,21,17,38
3071,30,15,73
3072,46,19,71
3073,48,19,60
3074,44,18,65
3075,39,18,18
3076,46,16,8
3077,44,18,80
3078,51,19,54
3079,39,18,4
3080,53,15,91
3081,52,16,79
3082,59,16,20
3083,36,19,83
3084,29,18,94
3085,41,15,78
3086,40,18,37
3087,35,17,88
3088,23,18,41
3089,62,19,3
3090,29,18,39
3091,48,16,23
3092,33,15,3
3093,45,19,6
3094,53,17,60
3095,51,15,3
3096,38,15,15
3097,34,16,48
3098,52,16,49
3099,20,16,83
3100,53,19,78
3101,58,18,9
3102,46,15,53
3103,57,18,5
3104,24,18,52
3105,27,16,28
3106,38,18,33
3107,19,15,64
3108,26,15,28
3109,41,17,69
3110,21,19,57
3111,22,18,30
3112,43,19,46
3113,56,19,83
3114,33,19,40
3115,39,19,32
3116,53,15,68
3117,64,18,10
3118,32,17,16
3119,54,19,64
3120,30,17,77
3121,35,15,65
3122,57,15,81
3123,27,16,68
3124,53,19,42
3125,31,16,15
3126,33,17,19
3127,36,18,17
3128,51,16,35
3129,24,15,18
3130,45,19,15
3131,41,17,88
3132,45,15,25
3133,52,18,38
3134,64,19,45
3135,56,18,52
3136,32,18,76
3137,54,19,83
3138,26,19,15
3139,53,18,32
3140,37,17,59
3141,48,19,32
3142,32,15,73
3143,38,16,12
3144,43,17,68
3145,58,19,85
3146,42,19,41
3147,32,17,39
3148,44,16,5
3149,56,18,91
3150,41,15,36
3151,40,19,88
3152,37,16,40
3153,64,15,16
3154,21,17,66
3155,60,19,41
3156,37,18,56
3157,27,17,4
3158,46,19,45
3159,38,16,55
3160,63,15,5
3161,25,15,43
3162,32,19,10
3163,27,17,92
3164,37,18,77
3165,32,16,65
3166,56,19,67
3167,54,16,81
3168,58,15,6
3169,35,18,70
3170,48,16,94
3171,27,19,12
3172,51,18,77
3173,43,17,52
3174,32,19,25
3175,29,16,63
3176,53,18,49
3177,59,19,5
3178,32,18,19
3179,48,18,24
3180,59,18,93
3181,22,16,18
3182,22,19,82
3183,46,15,5
3184,26,15,54
3185,20,16,35
3186,59,16,44
3187,64,18,4
3188,40,19,41
3189,59,19,48
3190,34,17,50
3191,47,17,29
3192,48,15,17
3193,30,17,9
3194,53,17,59
3195,29,15,44
3196,64,15,11
3197,39,17,8
3198,39,19,59
3199,23,17,78
3200,38,18,32
3201,55,18,57
3202,21,18,86
3203,62,16,86
3204,51,18,56
3205,27,19,29
3206,27,16,86
3207,22,16,61
3208,53,18,9
3209,35,17,42
3210,52,15,74
3211,42,17,4
3212,50,17,16
3213,19,16,12
3214,26,16,52
3215,63,16,20
3216,41,19,20
3217,58,19,18
3218,30,15,54
3219,30,16,71
3220,64,18,54
3221,33,16,33
3222,59,19,86
3223,37,16,25
3224,44,19,44
3225,47,16,83
3226,40,18,64
3227,58,15,79
3228,39,18,52
3229,56,19,79
3230,38,17,83
3231,47,18,17
3232,22,16,92
3233,25,15,46
3234,46,16,94
3235,46,16,44
3236,22,18,47
3237,40,15,37
3238,30,17,24
3239,63,16,76
3240,21,15,77
3241,40,17,40
3242,62,16,72
3243,20,15,66
3244,42,18,9
3245,52,16,46
3246,45,16,78
3247,59,15,9
3248,19,16,68
3249,26,17,62
3250,41,16,3
3251,56,19,64
3252,24,17,89
3253,40,15,91
3254,43,17,20
3255,36,19,9
3256,35,19,56
3257,30,16,69
3258,24,16,12
3259,44,18,63
3260,45,17,61
3261,26,18,61
3262,37,19,71
3263,60,16,65
3264,19,16,10
3265,47,16,80
3266,63,15,57
3267,53,19,8
3268,58,16,3
3269,32,19,58
3270,53,16,77
3271,63,17,90
3272,38,19,12
3273,31,18,25
3274,56,15,18
3275,64,18,18
3276,26,19,58
3277,61,16,8
3278,38,19,32
3279,51,15,65
3280,44,19,3
3281,57,16,53
3282,39,18,91
3283,60,17,48
3284,61,18,23
3285,59,16,40
3286,27,16,71
3287,42,15,65
3288,55,19,52
3289,59,19,14
3290,35,18,71
3291,42,17,75
3292,39,17,46
3293,57,15,54
3294,59,16,11
3295,57,15,67
3296,31,19,12
3297,29,16,48
3298,64,15,60
3299,37,18,39
3300,29,19,54
3301,31,17,83
3302,64,15,15
3303,63,19,8
3304,19,19,60
3305,58,17,50
3306,62,17,34
3307,37,17,13
3308,30,15,83
3309,26,17,7
3310,26,18,8
3311,63,19,76
3312,30,17,23
3313,51,19,44
3314,63,16,83
3315,44,16,29
3316,57,17,5
3317,46,19,62
3318,23,16,68
3319,26,17,51
3320,43,19,36
3321,45,17,39
3322,64,19,44
3323,41,16,67
3324,48,17,62
3325,63,16,92
3326,41,17,3
3327,38,15,61
3328,36,16,6
3329,36,16,16
3330,20,18,20
3331,22,16,36
3332,48,19,3
3333,51,17,55
3334,54,15,24
3335,36,19,82
3336,55,19,63
3337,37,19,24
3338,46,19,52
3339,58,15,18
3340,38,18,30
3341,51,16,94
3342,30,19,88
3343,33,16,72
3344,59,16,91
3345,57,19,44
3346,20,18,68
3347,47,16,73
3348,59,17,83
3349,28,16,37
3350,20,19,22
3351,29,15,4
3352,31,16,9
3353,28,18,51
3354,32,17,85
3355,36,17,78
3356,27,15,11
3357,57,15,29
3358,46,16,80
3359,21,19,4
3360,38,18,87
3361,24,17,70
3362,45,15,62
3363,20,18,87
3364,47,19,88
3365,56,17,51
3366,21,17,4
3367,34,19,19
3368,48,17,85
3369,58,19,90
3370,20,17,22
3371,35,16,78
3372,59,19,91
3373,30,18,89
3374,53,16,34
3375,61,18,53
3376,19,17,90
3377,63,18,44
3378,33,16,65
3379,44,19,91
3380,55,15,63
3381,39,18,64
3382,49,15,5
3383,43,18,91
3384,41,18,94
3385,42,19,78
3386,56,17,28
3387,46,16,50
3388,39,16,10
3389,61,16,7
3390,36,17,13
3391,54,15,44
3392,53,16,93
3393,63,15,43
3394,27,17,21
3395,56,17,50
3396,48,19,55
3397,62,16,57
3398,52,19,63
3399,50,16,34
3400,21,17,48
3401,21,17,94
3402,46,18,38
3403,62,18,20
3404,33,17,76
3405,59,17,20
3406,41,15,14
3407,58,15,74
3408,29,19,48
3409,50,18,57
3410,54,18,40
3411,51,17,80
3412,42,17,4
3413,57,19,11
3414,52,18,7
3415,46,15,21
3416,55,16,73
3417,25,19,41
3418,22,16,44
3419,55,15,19
3420,19,15,65
3421,19,16,92
3422,38,19,48
3423,37,16,93
3424,47,19,94
3425,28,19,22
3426,36,17,72
3427,46,18,10
3428,53,18,21
3429,61,15,34
3430,49,17,21
3431,45,18,26
3432,29,19,26
3433,56,19,58
3434,23,16,83
3435,26,16,20
3436,52,19,14
3437,30,19,43
3438,56,16,89
3439,19,18,50
3440,49,15,84
3441,22,16,66
3442,63,18,18
3443,23,18,82
3444,48,18,25
3445,42,17,88
3446,21,17,41
3447,29,18,35
3448,63,19,26
3449,22,17,63
3450,44,16,57
3451,45,17,63
3452,64,19,86
3453,61,15,42
3454,45,17,60
3455,60,18,74
3456,24,18,76
3457,33,18,3
3458,48,15,87
3459,60,19,27
3460,55,16,55
3461,55,19,63
3462,60,15,48
3463,55,18,76
3464,53,19,62
3465,41,16,53
3466,24,18,75
3467,22,16,86
3468,36,17,50
3469,27,16,86
3470,47,18,42
3471,31,17,9
3472,35,18,77
3473,63,18,87
3474,50,17,21
3475,40,16,17
3476,22,15,72
3477,23,15,63
3478,55,15,58
3479,59,15,12
3480,31,19,48
3481,52,15,82
3482,63,17,77
3483,40,15,59
3484,41,18,37
3485,21,15,74
3486,60,16,94
3487,52,17,5
3488,50,17,68
3489,63,19,55
3490,39,18,80
3491,64,17,54
3492,62,16,55
3493,39,15,56
3494,62,17,49
3495,29,16,5
3496,57,15,67
3497,22,19,17
3498,19,17,86
3499,46,17,88
3500,42,16,36
3501,53,18,52
3502,31,19,35
3503,52,18,75
3504,29,17,5
3505,54,18,4
3506,35,15,6
3507,53,19,18
3508,36,18,56
3509,58,15,35
3510,40,16,11
3511,42,18,59
3512,37,19,42
3513,55,15,54
3514,57,18,84
3515,39,16,18
3516,26,18,10
3517,46,15,89
3518,23,18,62
3519,35,19,38
3520,55,17,5
3521,54,15,17
3522,37,15,84
3523,45,15,25
3524,52,15,5
3525,29,18,32
3526,63,19,47
3527,30,16,19
3528,39,19,60
3529,29,15,60
3530,57,18,59
3531,46,18,9
3532,23,15,41
3533,35,18,80
3534,38,15,60
3535,59,19,58
3536,64,17,17
3537,30,18,46
3538,24,15,14
3539,35,15,10
3540,37,18,82
3541,44,16,43
3542,62,15,36
3543,62,18,48
3544,50,15,90
3545,24,16,31
3546,54,17,18
3547,56,16,7
3548,29,19,7
3549,51,18,32
3550,42,16,52
3551,41,17,7
3552,33,15,15
3553,45,18,51
3554,29,16,91
3555,35,17,52
3556,32,16,16
3557,45,19,48
3558,36,18,92
3559,46,15,84
3560,22,17,86
3561,25,16,36
3562,63,18,73
3563,53,16,49
3564,27,18,62
3565,26,19,76
3566,63,16,81
3567,35,19,83
3568,35,17,13
3569,51,19,93
3570,50,18,87
3571,26,17,52
3572,37,16,6
3573,56,16,43
3574,21,18,61
3575,23,15,62
3576,31,15,83
3577,64,16,64
3578,49,18,86
3579,34,15,27
3580,50,19,89
3581,40,16,81
3582,47,19,35
3583,40,18,21
3584,61,19,59
3585,21,15,17
3586,28,15,43
3587,60,17,71
3588,39,16,82
3589,34,18,62
3590,30,16,24
3591,20,19,45
3592,59,18,34
3593,42,18,15
3594,53,15,40
3595,48,19,28
3596,48,15,83
3597,53,15,7
3598,37,17,51
3599,26,15,93
3600,44,16,7
3601,58,18,73
3602,25,15,50
3603,48,16,20
3604,25,19,8
3605,21,18,68
3606,19,19,79
3607,54,16,44
3608,43,19,54
3609,55,19,13
3610,19,19,28
3611,33,15,23
3612,55,15,68
3613,31,15,42
3614,58,18,58
3615,26,16,53
3616,23,15,22
3617,27,19,83
3618,19,19,82
3619,54,19,59
3620,53,19,7
3621,20,17,16
3622,58,18,26
3623,41,16,70
3624,27,16,54
3625,52,15,50
3626,64,17,90
3627,32,16,49
3628,22,18,62
3629,48,19,75
3630,49,15,5
3631,56,18,11
3632,29,16,84
3633,53,17,85
3634,26,15,26
3635,21,16,6
3636,32,15,11
3637,31,16,3
3638,63,19,37
3639,50,17,76
3640,52,19,14
3641,63,16,20
3642,37,18,80
3643,56,19,12
3644,34,18,76
3645,20,16,20
3646,58,17,26
3647,35,18,3
3648,52,16,81
3649,60,18,74
3650,34,19,84
3651,56,16,18
3652,20,19,87
3653,20,15,17
3654,44,16,64
3655,31,18,7
3656,49,15,47
3657,52,19,54
3658,57,19,73
3659,21,18,9
3660,26,15,29
3661,41,17,91
3662,32,18,88
3663,45,19,15
3664,47,16,19
3665,57,15,46
3666,57,17,15
3667,19,16,92
3668,35,15,75
3669,59,18,7
3670,48,18,35
3671,31,15,6
3672,39,17,94
3673,37,15,28
3674,37,16,70
3675,43,16,18
3676,40,18,24
3677,49,15,38
3678,35,18,60
3679,41,17,57
3680,50,16,37
3681,28,19,27
3682,28,19,74
3683,54,15,83
3684,26,15,63
3685,38,19,20
3686,50,15,60
3687,32,16,78
3688,46,17,59
3689,64,17,89
3690,42,18,65
3691,33,16,14
3692,40,15,13
3693,48,15,15
3694,22,18,37
3695,31,18,29
3696,41,15,91
3697,26,15,69
3698,36,16,91
3699,30,18,47
3700,49,16,76
3701,32,15,83
3702,52,19,69
3703,36,19,24
3704,52,15,80
3705,29,18,93
3706,59,19,44
3707,30,18,22
3708,33,19,50
3709,49,18,20
3710,47,19,79
3711,44,18,72
3712,36,16,76
3713,50,18,8
3714,40,16,41
3715,56,16,13
3716,35,15,27
3717,41,16,57
3718,42,17,86
3719,26,16,60
3720,59,18,39
3721,24,16,18
3722,23,18,72
3723,62,18,75
3724,47,17,39
3725,46,16,55
3726,29,16,89
3727,19,19,18
3728,61,19,20
3729,37,15,21
3730,27,18,46
3731,45,17,4
3732,52,19,60
3733,62,16,12
3734,22,15,78
3735,54,17,48
3736,36,16,84
3737,33,16,21
3738,31,18,40
3739,37,18,39
3740,24,19,93
3741,30,19,80
3742,55,16,47
3743,35,16,36
3744,41,19,4
3745,44,19,46
3746,47,16,85
3747,51,17,29
3748,45,16,50
3749,43,17,9
3750,28,17,29
3751,41,16,87
3752,39,15,73
3753,39,19,91
3754,61,18,20
3755,31,16,35
3756,55,17,35
3757,51,16,27
3758,42,19,16
3759,62,17,40
3760,29,18,40
3761,35,18,6
3762,22,18,64
3763,43,15,84
3764,48,17,12
3765,27,17,37
3766,39,15,25
3767,38,17,91
3768,37,15,67
3769,37,16,84
3770,30,19,81
3771,55,18,27
3772,60,15,55
3773,35,15,86
3774,55,15,19
3775,57,16,59
3776,46,15,77
3777,59,19,79
3778,53,19,91
3779,36,18,22
3780,32,16,27
3781,53,19,44
3782,62,17,47
3783,59,17,33
3784,25,17,67
3785,59,15,54
3786,31,15,82
3787,36,17,94
3788,55,18,23
3789,31,18,32
3790,54,15,5
3791,49,17,72
3792,20,18,45
3793,34,15,31
3794,27,17,5
3795,27,16,60
3796,56,17,35
3797,29,17,77
3798,40,19,47
3799,51,19,71
3800,54,16,34
3801,63,16,84
3802,41,17,86
3803,63,18,54
3804,63,16,66
3805,52,17,42
3806,27,15,94
3807,42,19,15
3808,26,18,92
3809,25,17,82
3810,54,15,91
3811,36,19,76
3812,21,15,31
3813,46,17,65
3814,24,16,86
3815,62,19,28
3816,62,15,61
3817,39,16,51
3818,46,18,55
3819,58,17,90
3820,19,17,33
3821,54,19,14
3822,39,15,60
3823,61,18,38
3824,53,19,12
3825,31,19,8
3826,28,15,9
3827,62,18,33
3828,28,15,93
3829,64,17,74
3830,31,16,5
3831,55,17,49
3832,56,17,87
3833,42,19,3
3834,20,17,47
3835,40,18,56
3836,35,17,52
3837,54,18,81
3838,32,15,9
3839,28,19,65
3840,53,18,17
3841,43,17,91
3842,21,19,69
3843,56,19,32
3844,35,18,80
3845,30,18,70
3846,42,16,38
3847,47,16,69
3848,61,19,7
3849,43,16,27
3850,54,17,13
3851,44,15,74
3852,56,19,92
3853,19,15,68
3854,38,16,30
3855,46,18,62
3856,34,19,12
3857,35,16,52
3858,58,17,41
3859,46,19,39
3860,30,19,65
3861,45,18,63
3862,60,19,87
3863,48,18,94
3864,59,16,40
3865,52,17,35
3866,55,17,77
3867,24,19,47
3868,25,19,46
3869,50,16,3
3870,50,18,55
3871,43,17,49
3872,51,18,35
3873,25,16,69
3874,30,17,92
3875,34,17,17
3876,34,15,16
3877,61,16,25
3878,54,16,56
3879,31,15,10
3880,25,18,56
3881,54,15,38
3882,27,16,86
3883,50,18,54
3884,29,17,8
3885,26,15,30
3886,51,18,52
3887,41,18,40
3888,43,18,32
3889,26,15,83
3890,63,17,75
3891,40,18,94
3892,22,15,56
3893,58,16,73
3894,21,15,48
3895,47,15,30
3896,59,15,19
3897,47,18,50
3898,52,15,46
3899,52,16,62
3900,46,18,62
3901,31,16,7
3902,33,19,71
3903,41,15,80
3904,62,18,72
3905,44,18,9
3906,22,15,55
3907,44,17,19
3908,58,17,61
3909,27,16,11
3910,23,15,24
3911,50,15,47
3912,38,19,75
3913,29,17,61
3914,33,17,82
3915,50,15,15
3916,46,16,85
3917,40,15,14
3918,59,16,38
3919,35,17,12
3920,44,19,18
3921,62,18,94
3922,25,17,21
3923,60,16,8
3924,44,15,6
3925,43,17,32
3926,28,19,48
3927,63,16,29
3928,37,15,47
3929,29,18,87
3930,31,16,39
3931,26,15,11
3932,58,18,63
3933,22,15,37
3934,49,18,49
3935,46,18,23
3936,29,18,19
3937,61,15,57
3938,19,18,90
3939,56,16,8
3940,42,19,37
3941,49,19,52
3942,59,18,39
3943,64,19,15
3944,44,19,27
3945,23,18,3
3946,38,18,51
3947,59,16,37
3948,29,17,85
3949,51,15,55
3950,56,18,54
3951,45,18,56
3952,52,19,78
3953,33,16,49
3954,50,19,45
3955,39,18,22
3956,64,18,35
3957,23,19,18
3958,24,18,80
3959,56,17,9
3960,40,15,72
3961,36,15,23
3962,32,15,38
3963,28,17,88
3964,64,18,56
3965,31,19,21
3966,49,16,27
3967,48,18,69
3968,21,17,55
3969,48,17,77
3970,24,15,50
3971,47,18,44
3972,26,15,49
3973,62,16,93
3974,63,15,44
3975,61,16,4
3976,62,17,8
3977,51,15,48
3978,35,15,68
3979,29,19,83
3980,31,17,42
3981,29,19,60
3982,49,16,80
3983,46,16,76
3984,62,17,35
3985,24,16,64
3986,59,17,14
3987,34,16,51
3988,22,18,90
3989,53,15,80
3990,44,18,7
3991,30,17,53
3992,29,17,71
3993,55,18,34
3994,43,15,51
3995,36,15,62
3996,37,19,48
3997,41,16,70
3998,56,19,43
3999,36,15,83
4000,44,18,69
4001,24,16,15
4002,22,18,20
4003,62,19,89
4004,47,17,53
4005,52,18,38
4006,35,19,83
4007,61,19,36
4008,61,19,14
4009,34,17,7
4010,20,17,50
4011,52,17,93
4012,26,16,42
4013,31,17,15
4014,60,17,28
4015,26,17,16
4016,48,18,13
4017,50,17,40
4018,54,16,82
4019,48,19,59
4020,19,18,24
4021,61,15,18
4022,57,17,79
4023,35,19,78
4024,38,19,84
4025,42,18,31
4026,40,15,84
4027,47,16,4
4028,40,19,56
4029,62,19,4
4030,27,19,5
4031,55,19,58
4032,28,18,74
4033,54,15,13
4034,55,19,78
4035,46,16,34
4036,46,16,6
4037,60,17,11
4038,61,19,90
4039,39,19,58
4040,42,19,18
4041,60,19,83
4042,58,19,88
4043,20,16,73
4044,26,15,12
4045,45,15,38
4046,40,17,26
4047,55,16,66
4048,45,19,58
4049,47,15,80
4050,21,18,80
4051,62,18,91
4052,31,18,24
4053,63,19,54
4054,28,19,52
4055,54,17,49
4056,27,17,25
4057,45,17,92
4058,52,18,93
4059,19,19,78
4060,50,18,85
4061,43,17,21
4062,47,19,54
4063,25,16,36
4064,21,15,31
4065,38,15,63
4066,38,17,87
4067,48,18,37
4068,53,16,7
4069,53,19,78
4070,57,18,9
4071,45,17,43
4072,44,18,4
4073,32,17,91
4074,35,15,12
4075,36,15,46
4076,63,18,72
4077,47,16,93
4078,38,19,37
4079,45,17,64
4080,36,19,76
4081,22,15,75
4082,19,16,22
4083,19,16,37
4084,44,19,39
4085,63,15,74
4086,38,19,56
4087,41,18,82
4088,28,16,30
4089,29,16,72
4090,59,18,34
4091,59,15,94
4092,23,16,13
4093,19,17,44
4094,35,17,25
4095,40,15,32
4096,52,18,11
4097,63,19,94
4098,59,15,90
4099,47,19,61
4100,22,15,30
4101,23,17,90
4102,29,18,81
4103,39,17,35
4104,53,18,49
4105,30,19,24
4106,44,15,31
4107,37,16,36
4108,63,16,44
4109,25,18,54
4110,25,18,49
4111,44,17,76
4112,58,16,53
4113,23,17,47
4114,39,19,77
4115,32,16,36
4116,22,19,23
4117,41,15,15
4118,60,17,56
4119,38,18,27
4120,33,16,23
4121,63,17,3
4122,47,18,60
4123,26,15,71
4124,59,16,88
4125,37,19,73
4126,57,15,15
4127,64,18,54
4128,46,16,25
4129,64,16,23
4130,45,15,8
4131,22,16,22
4132,33,18,78
4133,53,15,42
4134,55,19,11
4135,19,15,52
4136,21,15,30
4137,42,19,13
4138,45,18,77
4139,58,17,90
4140,54,17,58
4141,52,19,81
4142,47,18,37
4143,42,16,83
4144,42,19,27
4145,60,17,21
4146,22,18,33
4147,21,15,83
4148,52,18,52
4149,41,18,89
4150,41,17,65
4151,63,17,49
4152,23,16,3
4153,49,16,60
4154,59,19,12
4155,24,15,10
4156,55,16,28
4157,28,17,36
4158,58,18,21
4159,25,19,80
4160,57,16,74
4161,56,18,3
4162,39,18,50
4163,38,16,27
4164,21,15,26
4165,40,15,49
4166,22,19,86
4167,46,15,71
4168,30,19,69
4169,56,17,34
4170,54,16,19
4171,59,18,63
4172,23,19,71
4173,31,15,13
4174,41,19,40
4175,48,19,70
4176,55,15,21
4177,43,15,89
4178,45,16,19
4179,32,18,15
4180,54,16,93
4181,57,16,3
4182,34,15,4
4183,40,15,84
4184,39,18,68
4185,39,19,70
4186,26,16,18
4187,34,18,6
4188,49,16,59
4189,60,19,75
4190,28,16,87
4191,50,17,25
4192,52,18,4
4193,27,15,69
4194,35,16,89
4195,29,18,28
4196,50,18,9
4197,28,16,46
4198,40,15,35
4199,35,15,66
4200,22,16,38
4201,43,18,6
4202,39,15,25
4203,55,16,27
4204,56,16,92
4205,19,16,94
4206,43,18,94
4207,54,15,87
4208,35,18,76
4209,59,17,29
4210,42,15,53
4211,20,18,81
4212,58,15,83
4213,33,17,71
4214,50,19,82
4215,57,16,25
4216,24,18,11
4217,19,17,35
4218,41,17,37
4219,57,15,52
4220,35,15,26
4221,52,16,90
4222,59,15,26
4223,47,18,21
4224,27,18,41
4225,31,18,63
4226,24,19,27
4227,24,18,27
4228,38,15,29
4229,21,15,34
4230,35,18,13
4231,30,17,71
4232,63,17,35
4233,19,17,21
4234,35,16,18
4235,21,19,13
4236,44,18,77
4237,33,16,76
4238,54,17,71
4239,50,18,89
4240,50,16,57
4241,22,15,27
4242,36,17,79
4243,37,16,36
4244,61,15,14
4245,53,17,90
4246,58,19,23
4247,32,17,31
4248,51,19,53
4249,32,19,25
4250,52,19,35
4251,22,18,10
4252,42,18,44
4253,47,19,79
4254,37,15,71
4255,24,19,43
4256,51,16,76
4257,58,19,65
4258,37,18,16
4259,19,18,90
4260,23,16,64
4261,45,16,77
4262,34,17,48
4263,24,15,69
4264,58,15,55
4265,31,15,54
4266,53,18,9
4267,37,15,83
4268,30,17,86
4269,34,17,56
4270,61,15,13
4271,28,16,27
4272,43,17,61
4273,38,16,90
4274,49,18,68
4275,22,17,29
4276,62,16,85
4277,41,15,60
4278,20,18,13
4279,40,19,57
4280,55,19,21
4281,26,15,94
4282,25,18,41
4283,32,18,87
4284,21,18,92
4285,34,18,88
4286,37,19,72
4287,36,16,13
4288,34,18,16
4289,26,16,62
4290,51,18,38
4291,30,17,43
4292,29,17,4
4293,23,17,59
4294,45,18,62
4295,30,16,22
4296,35,19,24
4297,24,15,6
4298,51,19,58
4299,23,18,60
4300,46,17,90
4301,32,17,67
4302,23,16,90
4303,51,18,60
4304,59,19,32
4305,37,18,78
4306,40,18,21
4307,23,17,64
4308,20,19,70
4309,48,15,81
4310,57,17,86
4311,22,19,46
4312,51,16,86
4313,31,17,63
4314,38,16,23
4315,25,17,12
4316,33,18,32
4317,41,19,26
4318,32,16,50
4319,41,17,57
4320,37,16,54
4321,47,17,40
4322,38,17,69
4323,47,15,10
4324,42,15,31
4325,36,15,12
4326,28,16,71
4327,59,18,77
4328,26,17,70
4329,44,19,51
4330,47,15,60
4331,28,16,37
4332,35,16,52
4333,20,16,42
4334,24,19,14
4335,23,19,87
4336,46,15,18
4337,59,19,80
4338,23,15,87
4339,36,19,50
4340,44,19,93
4341,38,19,3
4342,59,15,67
4343,45,17,24
4344,30,15,17
4345,25,17,86
4346,21,16,69
4347,28,16,16
4348,52,15,75
4349,43,17,21
4350,53,17,42
4351,34,17,6
4352,20,16,35
4353,42,15,45
4354,28,18,39
4355,56,17,68
4356,40,17,29
4357,44,18,47
4358,61,15,83
4359,57,17,52
4360,45,15,65
4361,47,17,8
4362,56,19,69
4363,38,17,69
4364,45,19,61
4365,59,15,15
4366,38,17,23
4367,62,16,66
4368,37,16,39
4369,38,18,82
4370,53,16,87
4371,20,19,50
4372,48,16,58
4373,52,16,46
4374,40,16,15
4375,21,17,6
4376,24,18,75
4377,33,15,35
4378,45,18,39
4379,28,19,55
4380,27,17,26
4381,51,17,91
4382,50,16,53
4383,24,16,43
4384,59,19,31
4385,54,17,61
4386,20,15,42
4387,47,18,53
4388,22,17,52
4389,19,15,38
4390,37,15,81
4391,44,18,62
4392,43,15,20
4393,28,19,22
4394,33,15,7
4395,40,19,20
4396,39,15,42
4397,40,16,3
4398,54,15,21
4399,52,19,89
4400,48,15,28
4401,43,15,31
4402,63,15,61
4403,46,19,65
4404,19,15,85
4405,63,18,64
4406,22,18,50
4407,25,19,64
4408,27,16,20
4409,54,18,68
4410,37,17,29
4411,19,18,8
4412,28,17,72
4413,54,19,61
4414,27,16,8
4415,63,17,33
4416,64,17,58
4417,60,18,56
4418,50,17,87
4419,50,19,43
4420,24,19,20
4421,56,19,89
4422,35,18,25
4423,28,16,94
4424,45,18,38
4425,53,19,27
4426,39,18,9
4427,43,19,84
4428,46,15,22
4429,33,15,7
4430,22,17,20
4431,47,16,35
4432,27,15,81
4433,45,19,37
4434,44,18,67
4435,37,18,65
4436,46,17,87
4437,35,18,74
4438,61,15,73
4439,59,18,43
4440,60,15,52
4441,38,15,32
4442,63,16,40
4443,58,17,37
4444,57,19,68
4445,41,15,48
4446,50,17,10
4447,51,19,70
4448,64,18,39
4449,23,17,87
4450,61,17,15
4451,52,17,75
4452,58,18,47
4453,29,18,31
4454,21,17,43
4455,51,16,58
4456,29,15,90
4457,34,18,18
4458,36,16,14
4459,48,18,68
4460,28,17,64
4461,36,16,21
4462,56,19,32
4463,37,15,18
4464,54,15,90
4465,31,18,15
4466,64,15,71
4467,21,19,25
4468,28,16,64
4469,56,16,33
4470,19,17,55
4471,45,16,19
4472,64,18,51
4473,26,19,51
4474,64,17,69
4475,60,18,28
4476,35,18,15
4477,27,18,40
4478,24,15,24
4479,61,18,87
4480,43,15,31
4481,57,16,47
4482,46,15,48
4483,51,18,41
4484,55,19,71
4485,27,19,80
4486,36,16,84
4487,39,18,70
4488,20,15,41
4489,61,19,22
4490,56,17,79
4491,58,18,70
4492,54,18,37
4493,61,17,10
4494,55,19,54
4495,33,17,42
4496,46,16,38
4497,36,15,8
4498,52,15,88
4499,40,19,72
4500,29,17,75
4501,31,18,18
4502,22,18,48
4503,40,18,61
4504,25,16,40
4505,61,16,20
4506,42,18,14
4507,22,19,56
4508,46,16,93
4509,33,16,49
4510,19,15,3
4511,21,15,17
4512,32,19,93
4513,56,16,82
4514,19,16,23
4515,56,17,3
4516,56,19,69
4517,39,19,14
4518,47,17,30
4519,23,17,41
4520,28,15,39
4521,46,19,62
4522,39,19,33
4523,25,17,60
4524,21,18,13
4525,63,18,31
4526,38,15,91
4527,37,18,15
4528,53,18,53
4529,22,18,56
4530,23,16,21
4531,19,15,60
4532,22,17,38
4533,30,18,30
4534,45,16,70
4535,60,18,5
4536,41,16,91
4537,43,15,43
4538,39,18,37
4539,42,16,78
4540,43,19,86
4541,63,19,83
4542,64,16,78
4543,50,18,52
4544,50,18,76
4545,23,15,84
4546,54,15,32
4547,64,17,74
4548,60,15,79
4549,60,18,72
4550,57,17,56
4551,34,15,73
4552,51,16,87
4553,39,19,53
4554,27,15,30
4555,24,15,66
4556,63,16,87
4557,53,18,23
4558,57,16,90
4559,40,15,29
4560,59,18,29
4561,23,17,79
4562,60,15,52
4563,41,16,31
4564,35,17,41
4565,30,19,59
4566,41,17,94
4567,34,16,39
4568,21,17,66
4569,48,16,50
4570,40,15,24
4571,27,18,32
4572,47,19,30
4573,55,18,25
4574,41,18,6
4575,31,18,5
4576,50,16,63
4577,64,16,6
4578,41,19,67
4579,63,16,14
4580,35,16,15
4581,58,16,36
4582,39,16,61
4583,20,15,75
4584,55,19,33
4585,24,16,73
4586,62,19,15
4587,36,17,56
4588,48,15,4
4589,40,16,35
4590,51,15,52
4591,48,15,9
4592,35,17,20
4593,61,19,53
4594,50,15,10
4595,60,18,57
4596,32,17,78
4597,28,18,45
4598,54,17,61
4599,52,18,32
4600,27,18,61
4601,60,15,11
4602,46,15,94
4603,29,17,70
4604,32,19,41
4605,57,15,83
4606,37,15,13
4607,33,16,4
4608,46,15,25
4609,42,19,65
4610,26,16,24
4611,61,18,63
4612,27,18,28
4613,51,16,14
4614,51,16,34
4615,37,16,11
4616,21,17,71
4617,28,19,92
4618,58,19,73
4619,60,18,35
4620,19,18,26
4621,47,18,91
4622,52,15,71
4623,31,18,40
4624,19,16,13
4625,52,18,34
4626,47,16,66
4627,31,17,74
4628,47,15,22
4629,57,15,36
4630,42,19,44
4631,44,17,10
4632,35,16,68
4633,25,17,23
4634,31,15,81
4635,23,16,72
4636,44,17,7
4637,21,15,69
4638,25,16,45
4639,57,16,18
4640,19,15,75
4641,35,16,37
4642,61,15,85
4643,43,18,45
4644,21,18,41
4645,33,16,12
4646,47,16,76
4647,61,15,22
4648,50,16,3
4649,44,19,8
4650,34,18,55
4651,43,16,48
4652,46,16,68
4653,27,17,40
4654,19,16,35
4655,47,19,69
4656,40,18,79
4657,34,17,37
4658,59,15,81
4659,62,15,47
4660,59,18,24
4661,25,15,70
4662,32,19,19
4663,47,16,7
4664,37,18,87
4665,37,17,59
4666,20,16,90
4667,59,15,42
4668,63,15,32
4669,33,17,44
4670,21,19,9
4671,29,17,73
4672,64,18,93
4673,48,17,90
4674,58,15,21
4675,36,19,43
4676,20,19,36
4677,50,17,24
4678,26,18,54
4679,40,15,93
4680,24,16,8
4681,30,19,76
4682,58,17,27
4683,54,18,68
4684,33,18,12
4685,46,15,76
4686,63,19,28
4687,36,15,7
4688,20,16,88
4689,31,16,70
4690,63,16,73
4691,33,18,52
4692,38,19,19
4693,47,15,13
4694,60,15,55
4695,47,16,52
4696,21,19,10
4697,37,19,94
4698,21,17,64
4699,32,19,91
4700,58,19,87
4701,22,15,78
4702,29,19,92
4703,49,19,31
4704,61,15,46
4705,50,19,47
4706,45,15,31
4707,48,17,90
4708,61,18,61
4709,20,15,17
4710,27,15,72
4711,46,19,46
4712,49,15,38
4713,52,16,86
4714,33,16,59
4715,43,17,66
4716,54,15,78
4717,26,19,40
4718,27,19,19
4719,55,18,29
4720,63,17,19
4721,57,19,65
4722,50,18,13
4723,35,19,66
4724,53,18,41
4725,55,16,4
4726,37,16,68
4727,62,19,56
4728,47,17,31
4729,25,15,47
4730,46,17,90
4731,27,17,90
4732,46,15,82
4733,24,16,33
4734,47,16,51
4735,35,15,11
4736,34,18,29
4737,41,17,58
4738,49,19,80
4739,21,16,47
4740,39,19,91
4741,44,15,45
4742,54,19,24
4743,60,19,35
4744,55,17,29
4745,40,15,42
4746,60,19,28
4747,30,16,85
4748,60,15,47
4749,31,16,47
4750,29,18,28
4751,34,19,72
4752,26,15,69
4753,58,16,8
4754,58,19,30
4755,63,17,69
4756,20,16,15
4757,48,16,65
4758,48,18,15
4759,30,17,79
4760,28,18,3
4761,62,17,42
4762,29,16,39
4763,33,18,33
4764,34,19,19
4765,35,17,11
4766,44,16,66
4767,20,15,59
4768,30,17,15
4769,44,17,39
4770,41,19,16
4771,36,17,77
4772,50,17,27
4773,56,19,80
4774,21,19,59
4775,56,18,73
4776,21,16,90
4777,48,16,44
4778,19,18,44
4779,48,16,49
4780,63,17,46
4781,50,18,43
4782,46,18,5
4783,39,16,92
4784,64,15,92
4785,31,16,3
4786,45,15,81
4787,54,18,13
4788,25,15,9
4789,40,17,14
4790,28,19,40
4791,57,15,56
4792,33,19,69
4793,33,17,55
4794,22,19,92
4795,50,17,34
4796,41,19,47
4797,24,19,53
4798,42,16,39
4799,38,15,61
4800,55,19,56
4801,38,18,20
4802,30,16,3
4803,51,15,23
4804,46,16,30
4805,26,15,18
4806,19,17,50
4807,55,19,30
4808,40,18,24
4809,24,16,85
4810,39,16,3
4811,50,16,44
4812,53,16,72
4813,33,19,94
4814,23,15,5
4815,64,19,82
4816,24,17,83
4817,43,19,46
4818,64,19,29
4819,58,17,53
4820,47,19,26
4821,25,15,22
4822,58,18,34
4823,31,17,15
4824,56,16,45
4825,36,15,22
4826,20,18,4
4827,26,15,70
4828,29,15,93
4829,51,16,62
4830,56,18,91
4831,45,15,6
4832,38,16,19
4833,30,17,3
4834,61,16,35
4835,49,19,32
4836,45,16,7
4837,50,16,14
4838,28,16,34
4839,21,15,40
4840,63,18,19
4841,45,16,60
4842,53,16,42
4843,49,19,26
4844,33,19,14
4845,34,17,21
4846,31,17,31
4847,53,19,87
4848,29,18,92
4849,39,17,54
4850,29,18,94
4851,48,19,19
4852,53,17,75
4853,40,16,23
4854,56,19,62
4855,49,17,77
4856,32,18,22
4857,42,18,55
4858,50,17,82
4859,54,18,65
4860,50,17,59
4861,33,17,31
4862,61,18,3
4863,53,15,84
4864,21,16,61
4865,34,19,66
4866,23,16,88
4867,39,19,74
4868,28,19,73
4869,37,16,91
4870,43,17,46
4871,22,18,50
4872,47,15,77
4873,37,15,17
4874,61,15,37
4875,20,16,25
4876,28,16,55
4877,61,17,47
4878,43,15,87
4879,38,17,94
4880,37,15,15
4881,41,16,36
4882,42,18,40
4883,29,18,72
4884,64,18,70
4885,52,18,7
4886,46,19,42
4887,23,15,72
4888,23,18,23
4889,39,19,30
4890,30,19,5
4891,22,19,25
4892,60,17,74
4893,38,17,21
4894,56,19,77
4895,43,18,52
4896,32,15,76
4897,29,16,60
4898,50,17,94
4899,29,18,22
4900,36,18,94
4901,45,16,74
4902,36,16,85
4903,41,18,55
4904,29,16,87
4905,39,18,84
4906,62,16,11
4907,23,16,6
4908,41,18,43
4909,59,19,27
4910,43,18,36
4911,59,15,75
4912,28,16,11
4913,40,17,84
4914,37,16,77
4915,19,15,15
4916,25,17,11
4917,22,17,82
4918,19,18,6
4919,33,19,36
4920,58,18,9
4921,30,17,17
4922,40,17,40
4923,40,19,77
4924,35,16,93
4925,47,19,54
4926,64,18,83
4927,32,16,85
4928,38,18,9
4929,51,19,47
4930,61,16,61
4931,33,19,23
4932,30,15,30
4933,58,17,5
4934,38,16,16
4935,48,17,4
4936,56,15,31
4937,21,16,20
4938,46,17,39
4939,44,17,47
4940,48,16,47
4941,31,17,26
4942,31,17,48
4943,20,16,14
4944,55,17,55
4945,56,17,47
4946,20,18,34
4947,54,18,20
4948,44,15,15
4949,29,18,6
4950,26,18,25
4951,62,15,64
4952,58,17,56
4953,61,17,76
4954,40,18,57
4955,38,15,71
4956,26,17,42
4957,47,19,16
4958,58,16,30
4959,44,16,74
4960,48,16,82
4961,35,18,73
4962,38,16,69
4963,34,16,31
4964,64,19,63
4965,61,17,70
4966,25,19,11
4967,34,18,19
4968,63,16,51
4969,45,17,65
4970,41,16,86
4971,42,16,80
4972,27,18,48
4973,53,16,15
4974,38,15,47
4975,55,17,55
4976,60,17,19
4977,35,15,49
4978,49,18,64
4979,26,16,52
4980,33,16,45
4981,49,17,70
4982,48,18,86
4983,64,18,77
4984,38,18,88
4985,57,16,74
4986,30,18,30
4987,35,15,47
4988,60,19,43
4989,48,18,38
4990,47,19,93
4991,37,16,86
4992,64,18,35
4993,29,17,27
4994,52,16,21
4995,25,15,49
4996,62,15,87
4997,52,19,35
4998,38,19,69
4999,56,17,16
5000,42,17,81
5001,28,15,35
5002,50,18,44
5003,33,15,88
5004,55,15,67
5005,38,17,49
5006,21,19,37
5007,55,17,86
5008,58,17,34
5009,26,17,57
5010,58,15,56
5011,62,18,78
5012,41,15,53
5013,58,16,82
5014,29,17,61
5015,64,17,74
5016,26,16,16
5017,47,17,20
5018,48,17,57
5019,28,17,58
5020,57,16,51
5021,46,15,62
5022,54,17,55
5023,31,18,73
5024,50,16,8
5025,54,19,72
5026,55,16,88
5027,44,15,10
5028,40,16,17
5029,22,19,28
5030,49,18,41
5031,36,19,5
5032,56,16,59
5033,42,19,12
5034,41,16,5
5035,40,18,48
5036,20,18,24
5037,49,15,69
5038,29,18,67
5039,46,17,21
5040,64,19,64
5041,50,19,59
5042,23,16,90
5043,56,18,78
5044,28,15,15
5045,58,15,18
5046,64,15,18
5047,42,17,54
5048,53,18,86
5049,62,15,43
5050,41,17,50
5051,35,19,93
5052,19,16,41
5053,49,18,15
5054,49,18,6
5055,60,19,45
5056,60,18,83
5057,52,18,90
5058,27,18,48
5059,40,18,94
5060,31,17,49
5061,43,17,88
5062,36,16,94
5063,30,18,55
5064,58,19,27
5065,35,15,43
5066,33,16,5
5067,60,15,79
5068,33,15,15
5069,33,18,20
5070,57,19,39
5071,31,15,45
5072,35,15,36
5073,50,16,83
5074,27,19,57
5075,58,19,54
5076,38,15,87
5077,44,19,38
5078,45,16,56
5079,39,16,61
5080,36,16,54
5081,31,18,21
5082,34,15,14
5083,27,19,94
5084,30,16,13
5085,62,15,50
5086,56,15,94
5087,37,18,81
5088,25,19,18
5089,53,19,73
5090,36,16,49
5091,34,16,69
5092,57,15,33
5093,22,19,78
5094,43,19,10
5095,50,16,91
5096,58,17,63
5097,31,15,46
5098,63,19,52
5099,35,18,37
5100,55,18,78
5101,24,17,63
5102,37,16,87
5103,31,16,92
5104,44,16,57
5105,32,18,68
5106,49,16,16
5107,22,18,6
5108,57,17,19
5109,26,15,71
5110,43,19,26
5111,31,17,51
5112,50,18,57
5113,56,17,73
5114,56,19,25
5115,46,15,83
5116,48,19,14
5117,21,18,13
5118,46,19,77
5119,21,17,31
5120,63,16,64
5121,52,17,55
5122,34,18,50
5123,40,15,93
5124,50,19,88
5125,56,15,68
5126,26,18,50
5127,26,19,61
5128,24,17,73
5129,32,17,59
5130,50,18,78
5131,53,19,5
5132,28,17,83
5133,21,18,34
5134,30,18,10
5135,49,15,89
5136,47,17,32
5137,23,19,17
5138,43,17,76
5139,59,17,57
5140,49,17,40
5141,39,18,17
5142,38,16,32
5143,57,16,48
5144,40,15,66
5145,22,17,28
5146,31,16,80
5147,63,15,69
5148,60,18,38
5149,38,17,92
5150,31,19,80
5151,35,18,33
5152,54,15,80
5153,51,18,42
5154,19,19,76
5155,33,18,75
5156,31,15,48
5157,35,19,44
5158,42,19,20
5159,26,18,38
5160,45,19,78
5161,63,18,52
5162,41,17,63
5163,64,19,42
5164,26,18,5
5165,26,17,84
5166,44,19,9
5167,31,17,33
5168,57,19,67
5169,55,15,66
5170,46,15,79
5171,43,18,5
5172,34,16,37
5173,20,15,17
5174,36,16,23
5175,35,17,64
5176,48,17,85
5177,57,16,30
5178,31,18,6
5179,50,19,15
5180,47,16,81
5181,64,16,53
5182,48,16,50
5183,36,16,41
5184,31,16,69
5185,61,18,60
5186,39,15,86
5187,48,19,4
5188,39,15,27
5189,35,16,13
5190,58,15,3
5191,37,18,50
5192,33,17,50
5193,27,15,12
5194,28,19,83
5195,62,18,32
5196,49,17,37
5197,41,18,21
5198,48,16,55
5199,51,17,36
5200,27,19,34
5201,19,17,78
5202,62,19,83
5203,53,16,8
5204,29,19,15
5205,52,18,88
5206,34,15,77
5207,27,18,66
5208,50,18,9
5209,33,17,47
5210,30,16,47
5211,51,15,87
5212,63,19,67
5213,32,17,21
5214,26,16,49
5215,26,15,48
5216,45,18,31
5217,30,16,86
5218,19,16,63
5219,61,16,67
5220,58,18,25
5221,60,19,53
5222,29,17,65
5223,57,19,24
5224,61,15,73
5225,49,17,35
5226,35,15,46
5227,51,18,9
5228,50,19,93
5229,47,16,4
5230,39,17,19
5231,39,16,67
5232,58,15,60
5233,41,16,32
5234,24,16,88
5235,40,18,94
5236,56,18,28
5237,55,19,37
5238,63,15,65
5239,26,18,77
5240,59,18,73
5241,53,19,30
5242,29,17,27
5243,42,19,63
5244,39,16,33
5245,20,16,56
5246,58,18,69
5247,37,18,53
5248,57,19,60
5249,46,19,36
5250,35,15,61
5251,24,16,23
5252,37,19,58
5253,56,17,39
5254,46,15,66
5255,20,19,21
5256,56,18,87
5257,55,19,80
5258,22,18,76
5259,40,18,55
5260,44,16,73
5261,61,16,65
5262,54,19,64
5263,31,19,74
5264,50,17,79
5265,35,15,21
5266,59,15,77
5267,54,19,4
5268,64,16,8
5269,37,17,31
5270,53,15,43
5271,64,19,53
5272,58,16,7
5273,46,16,43
5274,19,16,64
5275,60,18,32
5276,36,16,64
5277,58,19,29
5278,51,17,52
5279,30,19,84
5280,26,16,54
5281,42,17,51
5282,34,15,64
5283,22,15,62
5284,56,19,82
5285,62,17,56
5286,45,19,7
5287,27,17,11
5288,34,17,36
5289,30,19,38
5290,49,17,22
5291,42,16,83
5292,32,17,86
5293,63,17,94
5294,43,19,87
5295,52,15,85
5296,21,18,65
5297,42,17,69
5298,60,18,32
5299,27,17,71
5300,44,19,72
5301,38,19,5
5302,58,17,51
5303,28,19,44
5304,37,19,26
5305,21,17,46
5306,42,15,3
5307,23,17,56
5308,21,15,54
5309,45,19,38
5310,34,15,81
5311,33,19,40
5312,53,15,46
5313,30,15,84
5314,59,17,89
5315,62,15,49
5316,44,19,31
5317,52,17,53
5318,41,15,43
5319,49,17,88
5320,38,18,66
5321,30,17,90
5322,41,18,50
5323,22,18,79
5324,41,17,24
5325,19,19,19
5326,43,19,88
5327,20,19,7
5328,48,16,63
5329,21,18,91
5330,39,17,8
5331,43,19,55
5332,38,19,83
5333,40,17,19
5334,39,18,61
5335,51,17,41
5336,56,16,56
5337,33,16,50
5338,64,17,39
5339,33,18,50
5340,64,19,70
5341,43,16,80
5342,39,16,79
5343,42,18,29
5344,23,16,90
5345,24,16,29
5346,61,18,74
5347,62,17,65
5348,41,19,54
5349,22,19,49
5350,45,16,23
5351,36,19,59
5352,39,17,77
5353,46,16,93
5354,53,19,44
5355,40,15,50
5356,58,15,29
5357,41,15,74
5358,21,15,35
5359,58,15,78
5360,28,16,37
5361,43,18,18
5362,26,18,38
5363,29,16,68
5364,23,16,78
5365,63,17,93
5366,55,18,58
5367,63,15,19
5368,56,16,22
5369,47,15,87
5370,23,18,86
5371,27,19,10
5372,20,19,20
5373,19,16,20
5374,58,17,20
5375,48,15,4
5376,29,16,78
5377,46,17,74
5378,62,15,53
5379,30,18,12
5380,57,19,77
5381,44,17,16
5382,31,15,28
5383,26,16,49
5384,46,15,32
5385,48,16,58
5386,27,19,44
5387,57,19,6
5388,49,15,13
5389,39,15,26
5390,52,16,88
5391,49,16,69
5392,43,17,39
5393,30,17,4
5394,19,17,14
5395,40,15,23
5396,58,17,71
5397,55,15,73
5398,19,19,66
5399,19,18,70
5400,60,19,45
5401,60,15,56
5402,39,15,64
5403,33,18,88
5404,35,16,75
5405,40,16,92
5406,56,16,14
5407,53,17,3
5408,63,16,74
5409,34,17,35
5410,26,17,66
5411,35,16,70
5412,35,16,16
5413,44,18,16
5414,31,18,11
5415,35,17,75
5416,56,18,28
5417,35,17,51
5418,32,15,19
5419,63,17,70
5420,24,17,62
5421,53,18,5
5422,64,15,27
5423,32,19,23
5424,26,19,14
5425,33,19,56
5426,45,15,3
5427,31,16,3
5428,49,15,47
5429,53,18,48
5430,24,17,50
5431,23,17,9
5432,40,18,12
5433,41,18,17
5434,43,17,42
5435,52,16,13
5436,44,16,58
5437,23,16,48
5438,44,18,47
5439,38,17,89
5440,24,17,15
5441,24,17,29
5442,36,15,83
5443,22,15,52
5444,35,19,63
5445,32,15,15
5446,32,16,14
5447,31,16,31
5448,25,16,87
5449,62,16,86
5450,33,19,22
5451,37,16,33
5452,61,18,10
5453,62,18,26
5454,53,18,77
5455,35,15,41
5456,53,17,35
5457,37,19,44
5458,38,18,17
5459,54,18,70
5460,53,16,67
5461,50,18,34
5462,62,16,13
5463,58,16,39
5464,42,17,21
5465,35,15,53
5466,25,16,36
5467,61,16,73
5468,19,17,62
5469,53,16,86
5470,50,19,55
5471,54,15,14
5472,31,19,64
5473,24,18,68
5474,32,15,88
5475,55,18,50
5476,33,16,42
5477,22,17,26
5478,58,19,52
5479,34,18,70
5480,46,16,90
5481,34,19,45
5482,22,19,19
5483,63,18,85
5484,44,16,57
5485,46,17,36
5486,50,18,72
5487,63,19,62
5488,20,19,53
5489,49,15,79
5490,21,16,75
5491,26,15,37
5492,42,17,36
5493,33,18,18
5494,61,19,84
5495,49,16,20
5496,27,19,40
5497,57,15,45
5498,63,15,34
5499,20,18,9
5500,26,16,89
5501,25,16,89
5502,62,18,48
5503,57,15,63
5504,60,15,20
5505,34,15,73
5506,53,19,42
5507,48,17,90
5508,28,15,80
5509,56,17,52
5510,36,17,7
5511,23,16,56
5512,47,18,88
5513,57,19,60
5514,52,17,24
5515,61,19,76
5516,63,16,92
5517,41,15,81
5518,23,17,40
5519,48,18,51
5520,24,16,3
5521,64,19,80
5522,62,15,38
5523,22,19,30
5524,47,18,37
5525,41,17,62
5526,24,18,64
5527,50,19,89
5528,60,19,48
5529,36,18,85
5530,33,18,84
5531,58,18,81
5532,50,15,63
5533,27,19,67
5534,55,16,91
5535,28,15,28
5536,38,15,37
5537,24,15,59
5538,21,16,81
5539,60,18,65
5540,29,19,6
5541,61,17,81
5542,35,17,44
5543,50,19,47
5544,22,16,41
5545,22,17,67
5546,35,15,24
5547,59,17,13
5548,37,19,39
5549,23,15,92
5550,50,17,53
5551,40,19,93
5552,24,16,60
5553,53,19,79
5554,40,16,9
5555,19,15,10
5556,38,19,53
5557,40,18,25
5558,29,18,92
5559,31,18,93
5560,60,18,11
5561,21,18,48
5562,27,16,40
5563,30,19,15
5564,41,15,9
5565,32,18,13
5566,51,18,76
5567,36,15,52
5568,59,15,69
5569,27,18,43
5570,41,16,31
5571,28,15,39
5572,37,19,58
5573,23,19,82
5574,41,16,18
5575,48,17,46
5576,43,16,52
5577,46,18,73
5578,52,17,81
5579,63,18,8
5580,43,19,20
5581,28,15,21
5582,32,18,53
5583,60,19,68
5584,64,16,5
5585,48,18,91
5586,59,19,56
5587,43,15,51
5588,32,18,30
5589,53,19,40
5590,52,18,30
5591,28,15,34
5592,53,18,43
5593,29,18,38
5594,29,19,38
5595,39,17,89
5596,39,18,68
5597,40,17,12
5598,63,16,72
5599,25,18,74
5600,35,17,81
5601,20,16,65
5602,30,19,94
5603,60,18,24
5604,36,19,22
5605,29,16,35
5606,34,19,17
5607,36,19,9
5608,53,15,90
5609,44,16,92
5610,34,19,52
5611,24,17,12
5612,62,16,81
5613,61,15,39
5614,60,18,61
5615,30,19,90
5616,31,17,77
5617,22,15,65
5618,57,16,23
5619,20,19,81
5620,44,15,81
5621,45,15,39
5622,45,17,47
5623,33,18,16
5624,26,18,45
5625,25,18,87
5626,64,16,86
5627,58,15,35
5628,30,16,5
5629,31,15,89
5630,61,17,46
5631,35,17,89
5632,35,16,93
5633,54,16,37
5634,39,17,27
5635,26,19,88
5636,23,18,10
5637,44,18,64
5638,34,17,20
5639,54,18,94
5640,46,19,30
5641,47,19,77
5642,30,15,14
5643,55,16,66
5644,48,18,4
5645,41,19,61
5646,34,16,39
5647,32,16,6
5648,28,15,43
5649,25,16,47
5650,63,16,36
5651,55,17,89
5652,47,15,15
5653,21,15,9
5654,33,18,34
5655,54,16,25
5656,64,18,51
5657,37,19,74
5658,31,16,49
5659,60,19,39
5660,39,17,50
5661,55,16,31
5662,45,18,39
5663,47,18,25
5664,38,16,40
5665,43,18,46
5666,24,16,7
5667,54,15,54
5668,20,18,42
5669,40,16,13
5670,50,16,80
5671,34,18,4
5672,36,15,37
5673,23,18,47
5674,54,16,51
5675,48,15,37
5676,63,19,94
5677,37,17,74
5678,41,18,34
5679,52,16,70
5680,31,15,73
5681,61,15,41
5682,47,19,50
5683,54,18,93
5684,40,15,39
5685,54,19,62
5686,27,16,83
5687,57,19,76
5688,37,18,6
5689,56,19,25
5690,24,15,16
5691,33,15,7
5692,38,17,68
5693,27,19,26
5694,50,16,20
5695,22,18,29
5696,36,17,26
5697,23,19,31
5698,38,16,13
5699,41,17,20
5700,29,15,6
5701,55,18,35
5702,40,19,80
5703,22,16,44
5704,47,15,34
5705,62,17,53
5706,52,18,6
5707,31,17,22
5708,60,17,87
5709,27,16,69
5710,60,15,91
5711,49,19,70
5712,25,16,64
5713,22,18,60
5714,37,17,49
5715,60,18,77
5716,48,16,82
5717,49,16,61
5718,53,19,8
5719,39,17,42
5720,49,16,79
5721,37,18,25
5722,49,19,54
5723,50,18,6
5724,20,17,39
5725,28,19,44
5726,20,19,46
5727,20,19,44
5728,42,15,31
5729,35,19,21
5730,50,18,86
5731,34,18,34
5732,34,17,46
5733,64,16,57
5734,57,16,82
5735,49,15,7
5736,61,19,48
5737,42,15,78
5738,19,17,47
5739,29,17,23
5740,39,16,80
5741,22,17,24
5742,25,19,32
5743,44,18,25
5744,30,17,7
5745,49,15,65
5746,35,19,61
5747,51,17,84
5748,29,17,54
5749,46,19,67
5750,50,17,41
5751,19,18,83
5752,46,16,5
5753,60,19,44
5754,25,15,73
5755,20,17,29
5756,60,16,30
5757,42,15,56
5758,22,15,17
5759,62,18,55
5760,37,16,74
5761,44,19,72
5762,29,16,94
5763,58,16,6
5764,61,15,19
5765,29,18,36
5766,63,18,8
5767,21,16,38
5768,30,16,41
5769,21,17,82
5770,60,15,68
5771,45,19,10
5772,20,19,17
5773,34,18,65
5774,20,15,93
5775,48,18,82
5776,38,19,67
5777,56,16,61
5778,46,15,12
5779,43,15,9
5780,50,17,76
5781,28,16,78
5782,60,16,83
5783,58,18,14
5784,51,15,81
5785,31,18,48
5786,59,16,34
5787,60,17,34
5788,55,15,92
5789,34,16,80
5790,63,17,92
5791,40,19,63
5792,38,16,71
5793,61,19,63
5794,45,18,48
5795,59,19,70
5796,34,16,94
5797,52,19,57
5798,50,15,3
5799,44,16,79
5800,43,17,69
5801,20,19,51
5802,30,15,27
5803,58,18,18
5804,27,18,87
5805,30,19,15
5806,44,18,54
5807,27,17,38
5808,28,16,74
5809,50,15,46
5810,52,19,85
5811,38,18,49
5812,57,16,82
5813,20,17,78
5814,19,18,22
5815,54,18,20
5816,42,15,56
5817,45,17,14
5818,20,17,27
5819,49,19,62
5820,32,15,77
5821,20,19,88
5822,47,15,36
5823,33,17,15
5824,30,15,40
5825,55,15,14
5826,46,15,38
5827,38,16,30
5828,57,16,93
5829,42,17,41
5830,39,15,79
5831,28,17,45
5832,64,16,93
5833,32,15,33
5834,55,19,4
5835,36,16,84
5836,42,16,92
5837,32,16,44
5838,52,15,33
5839,30,18,63
5840,40,19,58
5841,24,19,88
5842,54,17,85
5843,63,15,16
5844,54,16,16
5845,40,18,31
5846,32,15,83
5847,34,15,52
5848,54,18,52
5849,43,16,65
5850,50,15,75
5851,51,19,67
5852,63,19,70
5853,54,18,73
5854,38,16,13
5855,36,18,16
5856,56,15,85
5857,21,19,5
5858,41,17,10
5859,50,18,45
5860,63,17,11
5861,34,17,21
5862,23,19,14
5863,22,18,29
5864,39,17,60
5865,58,15,27
5866,32,16,47
5867,57,16,50
5868,49,19,52
5869,32,18,83
5870,24,18,46
5871,30,16,61
5872,34,15,35
5873,35,16,80
5874,63,16,30
5875,41,18,20
5876,32,17,57
5877,25,15,35
5878,64,18,17
5879,50,16,63
5880,33,17,13
5881,62,15,38
5882,35,19,17
5883,59,15,55
5884,62,15,64
5885,52,16,50
5886,23,16,17
5887,63,19,65
5888,45,19,89
5889,41,19,45
5890,58,18,52
5891,32,18,62
5892,33,16,61
5893,61,16,17
5894,51,19,31
5895,49,18,77
5896,53,17,84
5897,35,18,42
5898,46,16,33
5899,37,18,75
5900,64,16,88
5901,41,19,13
5902,50,19,83
5903,58,19,64
5904,31,17,77
5905,38,17,10
5906,53,16,53
5907,23,15,59
5908,27,17,6
5909,47,16,38
5910,24,18,21
5911,43,19,26
5912,49,19,43
5913,40,19,51
5914,20,16,84
5915,63,19,48
5916,23,17,38
5917,45,18,12
5918,43,19,80
5919,26,16,9
5920,19,18,14
5921,38,19,88
5922,62,15,93
5923,41,19,50
5924,50,17,39
5925,29,18,77
5926,57,17,38
5927,42,15,62
5928,29,15,79
5929,47,17,10
5930,44,18,9
5931,34,15,45
5932,53,15,60
5933,38,19,83
5934,64,16,88
5935,21,15,48
5936,19,18,36
5937,19,18,86
5938,35,19,74
5939,20,18,24
5940,47,19,93
5941,38,15,23
5942,24,15,17
5943,26,15,7
5944,47,15,19
5945,51,16,74
5946,21,16,21
5947,53,15,7
5948,23,18,25
5949,45,19,85
5950,62,17,16
5951,30,19,12
5952,38,17,33
5953,63,17,15
5954,38,15,24
5955,27,17,39
5956,57,15,41
5957,22,16,12
5958,37,18,33
5959,56,17,45
5960,45,18,79
5961,63,15,38
5962,61,17,37
5963,31,19,70
5964,31,16,57
5965,40,16,70
5966,46,17,49
5967,63,16,8
5968,40,19,30
5969,61,18,32
5970,37,19,29
5971,26,16,71
5972,26,18,41
5973,60,19,37
5974,44,15,46
5975,44,15,17
5976,41,18,85
5977,61,18,34
5978,31,18,31
5979,46,15,65
5980,27,19,8
5981,38,18,92
5982,37,15,29
5983,57,18,30
5984,30,18,7
5985,33,18,43
5986,49,15,58
5987,32,19,56
5988,29,15,82
5989,44,15,20
5990,60,18,79
5991,45,17,45
5992,29,17,91
5993,56,17,76
5994,52,15,31
5995,61,18,12
5996,37,17,8
5997,24,16,82
5998,64,16,91
5999,56,16,6
6000,60,19,36
6001,46,18,85
6002,19,15,35
6003,53,15,6
6004,58,18,46
6005,26,19,78
6006,25,18,33
6007,29,19,82
6008,57,17,68
6009,22,17,60
6010,43,19,62
6011,30,18,4
6012,44,17,38
6013,56,18,72
6014,64,17,62
6015,30,18,25
6016,61,18,49
6017,55,16,48
6018,64,19,82
6019,42,15,46
6020,34,19,21
6021,31,18,51
6022,43,18,90
6023,22,19,60
6024,29,18,93
6025,50,17,9
6026,25,18,43
6027,64,19,80
6028,29,19,17
6029,46,19,78
6030,59,16,55
6031,41,16,25
6032,63,16,79
6033,41,16,75
6034,46,16,90
6035,61,16,67
6036,44,16,62
6037,43,19,12
6038,47,15,60
6039,37,16,49
6040,51,19,17
6041,54,15,11
6042,32,16,15
6043,32,15,25
6044,53,15,35
6045,48,17,11
6046,46,18,5
6047,35,17,75
6048,21,15,27
6049,34,19,90
6050,64,16,73
6051,48,18,38
6052,47,16,91
6053,63,19,22
6054,33,18,83
6055,64,17,56
6056,43,15,92
6057,56,19,21
6058,60,15,62
6059,56,15,39
6060,41,16,5
6061,43,19,94
6062,60,15,88
6063,25,17,21
6064,40,18,55
6065,35,19,48
6066,36,16,82
6067,59,19,58
6068,28,16,72
6069,28,18,33
6070,25,17,55
6071,56,15,36
6072,45,19,33
6073,51,16,62
6074,19,18,13
6075,62,15,8
6076,52,18,29
6077,22,17,9
6078,35,15,51
6079,22,15,74
6080,61,15,62
6081,44,16,35
6082,22,15,49
6083,19,18,46
6084,25,16,81
6085,48,15,29
6086,27,18,24
6087,53,18,49
6088,26,19,50
6089,42,18,32
6090,37,17,4
6091,54,15,17
6092,61,15,49
6093,45,15,29
6094,50,18,73
6095,32,18,29
6096,36,15,87
6097,46,16,15
6098,47,16,57
6099,34,17,19
6100,53,19,77
6101,49,17,61
6102,22,15,12
6103,55,15,35
6104,35,15,80
6105,57,19,39
6106,64,18,10
6107,44,19,35
6108,57,17,9
6109,59,18,36
6110,22,18,73
6111,48,17,9
6112,48,18,43
6113,40,16,57
6114,29,17,9
6115,20,17,86
6116,62,16,20
6117,30,19,45
6118,48,19,80
6119,54,19,42
6120,36,18,55
6121,44,16,16
6122,25,17,23
6123,19,17,59
6124,44,17,93
6125,41,18,48
6126,44,18,28
6127,63,19,93
6128,24,18,26
6129,24,19,7
6130,62,19,44
6131,26,17,94
6132,42,18,45
6133,40,19,34
6134,37,16,90
6135,55,16,8
6136,36,18,76
6137,49,17,69
6138,55,17,9
6139,48,19,31
6140,60,18,36
6141,51,16,9
6142,28,19,83
6143,55,19,79
6144,30,15,60
6145,48,18,87
6146,45,19,33
6147,57,16,75
6148,27,15,47
6149,39,16,49
6150,30,17,79
6151,47,15,83
6152,51,15,74
6153,61,19,75
6154,33,17,75
6155,20,19,42
6156,57,18,32
6157,62,16,64
6158,36,16,73
6159,21,19,19
6160,25,16,7
6161,61,16,83
6162,36,18,3
6163,62,17,82
6164,56,15,83
6165,55,19,33
6166,51,19,37
6167,62,18,74
6168,49,18,32
6169,29,15,87
6170,22,17,17
6171,36,19,58
6172,22,18,62
6173,52,19,29
6174,47,16,4
6175,42,19,76
6176,40,17,66
6177,20,17,7
6178,62,19,93
6179,24,16,70
6180,60,17,15
6181,43,18,83
6182,39,19,87
6183,34,16,25
6184,49,18,52
6185,32,19,81
6186,57,16,80
6187,46,18,75
6188,50,17,39
6189,46,19,32
6190,27,19,25
6191,63,17,36
6192,40,15,66
6193,50,18,57
6194,23,17,73
6195,41,19,11
6196,23,18,6
6197,60,18,68
6198,50,15,93
6199,28,19,35
6200,57,16,34
6201,33,15,46
6202,25,15,39
6203,47,16,93
6204,21,16,94
6205,37,15,69
6206,28,18,62
6207,46,17,61
6208,47,17,38
6209,33,15,51
6210,53,18,53
6211,24,16,10
6212,30,15,52
6213,56,19,43
6214,31,18,40
6215,47,19,88
6216,37,19,80
6217,21,15,81
6218,26,18,57
6219,26,19,70
6220,38,18,20
6221,22,17,67
6222,39,19,66
6223,21,19,14
6224,63,18,43
6225,26,17,44
6226,41,19,62
6227,34,15,52
6228,31,18,83
6229,21,18,85
6230,27,19,38
6231,32,17,50
6232,31,19,73
6233,25,16,75
6234,33,19,10
6235,25,16,27
6236,56,15,9
6237,52,18,10
6238,59,18,90
6239,40,17,83
6240,42,19,78
6241,55,15,33
6242,62,16,14
6243,19,17,59
6244,28,15,68
6245,61,15,14
6246,34,16,29
6247,64,16,48
6248,26,18,9
6249,43,19,63
6250,30,17,60
6251,43,19,60
6252,35,17,15
6253,44,15,55
6254,64,16,67
6255,32,16,51
6256,59,15,37
6257,54,15,19
6258,41,17,74
6259,61,15,69
6260,24,17,12
6261,23,19,36
6262,61,16,88
6263,43,16,6
6264,36,16,31
6265,31,19,48
6266,61,19,77
6267,32,18,48
6268,46,17,79
6269,36,17,61
6270,46,18,63
6271,45,16,70
6272,50,17,68
6273,27,17,36
6274,58,16,88
6275,50,15,7
6276,38,15,11
6277,46,18,22
6278,51,19,23
6279,22,17,19
6280,64,17,14
6281,52,18,94
6282,21,18,84
6283,44,17,69
6284,26,16,7
6285,24,16,62
6286,34,19,55
6287,42,17,54
6288,57,17,80
6289,48,17,50
6290,63,17,92
6291,31,18,21
6292,23,15,19
6293,43,17,56
6294,38,15,70
6295,36,16,37
6296,36,19,90
6297,20,16,43
6298,28,17,15
6299,63,16,35
6300,30,18,17
6301,31,15,65
6302,29,17,17
6303,37,18,33
6304,53,15,30
6305,57,18,12
6306,44,16,59
6307,64,17,73
6308,32,16,35
6309,63,19,9
6310,62,17,7
6311,42,16,92
6312,59,17,82
6313,19,15,59
6314,61,17,74
6315,40,17,88
6316,41,15,42
6317,37,16,30
6318,36,17,38
6319,30,18,58
6320,46,17,49
6321,46,16,73
6322,51,15,42
6323,37,16,61
6324,46,19,45
6325,55,17,94
6326,44,17,68
6327,53,15,11
6328,52,17,8
6329,53,18,67
6330,58,18,5
6331,34,16,76
6332,56,15,39
6333,31,19,89
6334,41,16,35
6335,40,15,11
6336,34,15,55
6337,46,16,79
6338,53,16,94
6339,63,17,53
6340,64,19,73
6341,26,18,28
6342,62,17,18
6343,40,15,42
6344,39,19,92
6345,44,19,53
6346,58,16,41
6347,39,19,57
6348,43,19,38
6349,59,15,67
6350,19,17,87
6351,24,19,79
6352,41,16,92
6353,41,17,47
6354,61,16,11
6355,61,19,39
6356,41,17,89
6357,50,19,3
6358,48,15,68
6359,31,17,65
6360,61,16,45
6361,36,15,30
6362,41,18,33
6363,33,16,71
6364,51,19,91
6365,39,16,10
6366,57,18,36
6367,41,16,51
6368,45,15,60
6369,63,16,77
6370,62,17,49
6371,36,18,27
6372,42,16,5
6373,58,18,47
6374,60,15,54
6375,25,17,36
6376,38,19,71
6377,45,16,94
6378,24,15,94
6379,45,18,10
6380,27,18,29
6381,63,15,82
6382,49,16,65
6383,39,19,84
6384,44,16,27
6385,58,17,60
6386,63,16,50
6387,31,17,3
6388,41,18,10
6389,38,17,23
6390,55,19,90
6391,46,15,92
6392,35,17,80
6393,46,16,31
6394,59,17,32
6395,20,18,5
6396,43,17,9
6397,59,19,13
6398,24,17,34
6399,29,19,61
6400,56,16,14
6401,24,18,81
6402,63,15,40
6403,29,16,26
6404,32,16,67
6405,20,15,20
6406,58,17,48
6407,21,17,58
6408,53,17,65
6409,51,18,9
6410,42,16,68
6411,37,19,42
6412,36,15,56
6413,42,16,33
6414,63,17,54
6415,53,15,33
6416,19,19,36
6417,54,16,9
6418,43,16,91
6419,63,18,18
6420,61,16,24
6421,52,16,55
6422,43,19,93
6423,34,19,19
6424,52,15,6
6425,47,17,63
6426,37,19,88
6427,41,15,54
6428,37,16,37
6429,43,15,46
6430,34,15,17
6431,27,15,63
6432,19,15,46
6433,60,19,23
6434,37,17,79
6435,51,15,49
6436,52,18,77
6437,34,16,51
6438,62,16,55
6439,58,16,29
6440,36,16,33
6441,52,16,46
6442,43,15,34
6443,63,17,32
6444,24,18,20
6445,39,19,65
6446,24,18,18
6447,50,19,37
6448,59,19,64
6449,61,18,11
6450,57,15,64
6451,49,16,41
6452,60,15,53
6453,28,16,12
6454,48,17,54
6455,36,19,14
6456,42,18,74
6457,27,17,64
6458,49,16,5
6459,33,15,85
6460,22,18,13
6461,58,19,10
6462,27,17,92
6463,63,19,25
6464,27,16,12
6465,44,19,20
6466,22,15,78
6467,35,17,41
6468,34,17,28
6469,33,15,13
6470,53,19,12
6471,23,15,5
6472,23,18,64
6473,38,15,73
6474,33,19,63
6475,36,15,6
6476,20,16,63
6477,47,15,10
6478,31,15,15
6479,22,19,14
6480,60,18,37
6481,63,18,56
6482,28,19,53
6483,49,19,45
6484,59,19,68
6485,26,16,17
6486,21,17,51
6487,64,15,36
6488,27,19,41
6489,48,19,28
6490,29,19,71
6491,53,18,50
6492,55,19,91
6493,60,15,53
6494,31,19,6
6495,54,15,29
6496,31,16,44
6497,30,17,58
6498,55,18,71
6499,28,15,20
6500,27,16,63
6501,25,17,6
6502,20,17,3
6503,41,17,52
6504,57,15,86
6505,58,16,72
6506,57,19,22
6507,39,16,22
6508,41,16,48
6509,47,16,29
6510,32,15,28
6511,44,15,34
6512,23,15,12
6513,49,16,84
6514,43,15,14
6515,49,17,76
6516,38,15,90
6517,62,18,26
6518,35,15,53
6519,63,15,40
6520,20,15,48
6521,43,15,91
6522,31,18,10
6523,57,19,57
6524,46,15,80
6525,60,17,33
6526,24,18,90
6527,21,19,18
6528,53,15,22
6529,36,19,40
6530,29,17,17
6531,38,18,80
6532,23,18,78
6533,37,19,36
6534,40,15,74
6535,37,16,21
6536,34,18,71
6537,42,16,93
6538,59,18,65
6539,22,15,79
6540,33,15,34
6541,43,18,39
6542,62,19,68
6543,53,15,9
6544,32,15,50
6545,37,17,13
6546,56,15,77
6547,54,17,89
6548,25,15,33
6549,48,15,46
6550,37,19,47
6551,43,19,74
6552,34,15,58
6553,58,18,34
6554,26,18,23
6555,36,15,33
6556,46,18,3
6557,34,15,79
6558,37,19,13
6559,60,16,70
6560,35,17,38
6561,63,18,81
6562,31,18,61
6563,25,19,69
6564,45,18,58
6565,28,15,53
6566,52,15,31
6567,54,16,87
6568,43,16,4
6569,24,16,8
6570,42,15,33
6571,36,16,56
6572,41,16,90
6573,24,15,42
6574,47,19,19
6575,43,18,7
6576,35,17,4
6577,64,15,60
6578,42,15,14
6579,29,17,7
6580,44,17,62
6581,52,16,43
6582,46,17,22
6583,21,18,74
6584,29,18,3
6585,56,18,58
6586,32,18,72
6587,44,18,58
6588,39,16,56
6589,57,15,13
6590,48,17,5
6591,26,15,30
6592,38,17,7
6593,50,16,92
6594,40,16,18
6595,25,19,33
6596,27,19,30
6597,63,16,9
6598,19,16,11
6599,47,17,41
6600,26,16,45
6601,22,15,29
6602,53,17,78
6603,21,16,91
6604,63,17,35
6605,58,17,93
6606,25,18,58
6607,45,19,4
6608,19,17,16
6609,45,17,15
6610,34,18,26
6611,56,16,71
6612,25,17,36
6613,62,18,89
6614,41,15,21
6615,59,18,32
6616,29,19,51
6617,60,19,45
6618,51,16,18
6619,54,16,54
6620,55,19,51
6621,59,19,13
6622,35,17,80
6623,53,19,49
6624,23,16,81
6625,50,19,37
6626,21,16,73
6627,53,15,31
6628,32,19,56
6629,49,16,88
6630,49,18,25
6631,35,17,26
6632,42,16,12
6633,41,19,63
6634,36,19,10
6635,32,15,50
6636,33,18,78
6637,33,16,31
6638,24,18,89
6639,45,15,28
6640,33,17,39
6641,54,18,54
6642,26,15,40
6643,33,16,8
6644,21,17,10
6645,31,19,19
6646,59,15,78
6647,52,19,64
6648,42,17,88
6649,58,15,80
6650,50,15,36
6651,50,17,21
6652,48,16,72
6653,31,15,84
6654,19,17,39
6655,52,18,40
6656,33,19,17
6657,62,15,42
6658,32,18,11
6659,47,15,55
6660,52,16,72
6661,36,17,68
6662,25,15,82
6663,47,17,54
6664,49,15,3
6665,43,16,32
6666,56,16,3
6667,32,18,41
6668,26,16,18
6669,45,17,19
6670,20,16,84
6671,35,15,24
6672,55,16,88
6673,32,17,33
6674,43,15,42
6675,48,18,29
6676,47,18,38
6677,38,18,6
6678,39,15,71
6679,40,18,27
6680,53,16,80
6681,55,15,32
6682,34,15,49
6683,61,15,14
6684,35,19,29
6685,34,17,47
6686,20,19,90
6687,22,19,65
6688,39,19,57
6689,57,17,32
6690,52,19,84
6691,48,18,16
6692,24,15,58
6693,35,15,21
6694,57,16,88
6695,43,18,28
6696,23,17,73
6697,23,15,94
6698,38,19,40
6699,34,16,71
6700,59,16,38
6701,55,15,20
6702,58,18,59
6703,27,16,80
6704,23,15,25
6705,60,18,16
6706,20,15,71
6707,27,15,24
6708,61,18,30
6709,54,18,45
6710,40,18,78
6711,40,15,20
6712,40,16,79
6713,52,17,86
6714,47,17,38
6715,56,15,9
6716,64,15,25
6717,51,16,36
6718,36,18,23
6719,25,15,72
6720,19,19,82
6721,51,18,49
6722,19,15,55
6723,42,19,86
6724,22,16,43
6725,22,19,77
6726,36,15,34
6727,45,17,16
6728,61,15,90
6729,50,17,19
6730,51,16,27
6731,46,16,66
6732,60,18,75
6733,59,18,88
6734,54,17,50
6735,24,17,37
6736,34,16,39
6737,52,19,57
6738,41,17,19
6739,60,17,30
6740,42,19,3
6741,31,18,55
6742,36,18,75
6743,31,17,57
6744,55,18,63
6745,61,18,15
6746,57,18,49
6747,60,16,66
6748,35,15,34
6749,33,17,30
6750,36,17,55
6751,41,16,33
6752,48,15,10
6753,52,15,74
6754,22,16,89
6755,21,19,76
6756,25,19,27
6757,36,15,35
6758,60,19,70
6759,25,19,9
6760,58,19,68
6761,24,15,48
6762,40,19,7
6763,19,17,19
6764,22,15,78
6765,64,16,54
6766,61,19,14
6767,47,18,64
6768,39,15,37
6769,44,16,64
6770,32,17,23
6771,27,16,87
6772,30,19,68
6773,60,18,55
6774,24,19,23
6775,38,16,17
6776,42,15,77
6777,45,18,76
6778,56,18,84
6779,26,16,25
6780,19,19,33
6781,42,16,56
6782,25,18,57
6783,37,16,28
6784,40,18,55
6785,53,19,68
6786,48,15,41
6787,47,15,9
6788,40,16,90
6789,29,18,41
6790,38,15,34
6791,47,18,28
6792,59,19,89
6793,60,16,80
6794,52,18,31
6795,19,16,27
6796,49,18,58
6797,48,18,33
6798,36,19,68
6799,35,16,4
6800,56,17,89
6801,32,18,49
6802,41,18,77
6803,43,15,31
6804,33,16,51
6805,64,17,75
6806,40,19,34
6807,21,17,32
6808,37,19,17
6809,62,17,64
6810,52,17,80
6811,53,16,19
6812,19,15,24
6813,39,17,32
6814,47,18,83
6815,24,18,18
6816,55,18,54
6817,19,15,10
6818,19,17,66
6819,45,19,41
6820,39,19,33
6821,34,16,14
6822,62,15,35
6823,58,17,60
6824,44,18,14
6825,34,15,27
6826,46,15,40
6827,19,17,50
6828,54,16,84
6829,28,16,85
6830,61,16,57
6831,35,18,5
6832,41,18,71
6833,25,17,37
6834,62,16,53
6835,25,17,29
6836,62,16,39
6837,33,15,87
6838,52,19,18
6839,64,19,94
6840,63,16,27
6841,22,17,35
6842,32,18,64
6843,32,16,19
6844,34,16,45
6845,25,18,32
6846,50,16,43
6847,37,15,6
6848,20,18,68
6849,28,15,62
6850,35,19,11
6851,55,18,33
6852,30,18,91
6853,24,17,71
6854,40,17,26
6855,50,18,26
6856,59,19,47
6857,38,16,39
6858,19,17,60
6859,24,19,85
6860,37,19,25
6861,36,17,37
6862,24,16,65
6863,63,17,8
6864,51,19,8
6865,41,15,32
6866,41,17,3
6867,44,19,65
6868,31,17,10
6869,25,19,30
6870,33,16,91
6871,62,19,35
6872,45,18,55
6873,44,15,40
6874,51,19,54
6875,33,17,80
6876,54,17,13
6877,63,19,4
6878,45,18,55
6879,23,19,70
6880,20,16,79
6881,51,18,9
6882,34,19,69
6883,41,15,11
6884,56,18,80
6885,34,19,65
6886,32,15,13
6887,47,19,39
6888,44,16,16
6889,53,17,21
6890,33,19,10
6891,21,18,9
6892,41,19,61
6893,47,19,65
6894,52,19,9
6895,51,19,57
6896,59,18,5
6897,59,18,69
6898,41,19,20
6899,25,17,47
6900,21,19,94
6901,50,18,38
6902,49,16,18
6903,36,19,81
6904,61,19,31
6905,25,19,61
6906,59,19,20
6907,19,15,51
6908,32,19,48
6909,50,18,85
6910,24,18,31
6911,57,15,72
6912,28,19,52
6913,25,17,57
6914,44,19,29
6915,52,18,9
6916,48,16,93
6917,54,16,85
6918,39,17,83
6919,35,19,43
6920,51,15,13
6921,28,19,7
6922,60,17,68
6923,30,17,58
6924,34,17,14
6925,59,16,44
6926,50,19,77
6927,33,19,12
6928,45,15,30
6929,46,17,9
6930,35,17,16
6931,64,18,79
6932,20,18,71
6933,54,16,63
6934,25,19,53
6935,31,15,44
6936,33,15,10
6937,43,17,52
6938,41,15,3
6939,40,17,71
6940,44,19,13
6941,51,15,50
6942,29,17,12
6943,28,19,17
6944,43,19,49
6945,55,17,27
6946,61,17,8
6947,56,16,13
6948,59,19,19
6949,63,17,17
6950,42,19,18
6951,58,15,58
6952,64,18,68
6953,51,18,38
6954,35,17,85
6955,42,17,40
6956,55,19,87
6957,20,17,77
6958,50,19,5
6959,42,17,20
6960,27,19,81
6961,22,17,91
6962,35,16,56
6963,35,19,81
6964,48,16,19
6965,58,16,84
6966,29,16,84
6967,39,16,15
6968,39,15,65
6969,36,18,16
6970,47,15,61
6971,42,17,38
6972,28,17,20
6973,63,18,7
6974,35,18,16
6975,36,18,27
6976,60,16,46
6977,38,15,41
6978,55,17,14
6979,63,15,63
6980,36,15,64
6981,35,15,55
6982,27,18,55
6983,32,18,30
6984,47,17,37
6985,49,17,67
6986,22,17,5
6987,36,15,45
6988,38,18,52
6989,61,16,73
6990,62,15,11
6991,27,19,38
6992,31,15,25
6993,33,18,90
6994,45,19,76
6995,33,15,52
6996,46,18,57
6997,55,18,14
6998,37,16,85
6999,44,15,34
7000,44,18,26
7001,43,17,88
7002,44,18,69
7003,44,16,29
7004,64,18,63
7005,46,15,21
7006,36,15,75
7007,50,19,53
7008,21,15,66
7009,20,19,79
7010,51,17,4
7011,60,16,38
7012,37,17,13
7013,35,19,70
7014,62,18,70
7015,51,18,66
7016,30,17,3
7017,21,18,91
7018,61,19,28
7019,44,16,13
7020,53,15,89
7021,26,19,4
7022,54,19,85
7023,25,15,42
7024,64,15,6
7025,64,16,82
7026,54,16,39
7027,34,16,63
7028,42,18,93
7029,19,19,7
7030,43,15,17
7031,28,19,89
7032,34,19,69
7033,34,16,84
7034,26,16,28
7035,47,19,8
7036,57,16,46
7037,46,18,60
7038,24,15,83
7039,34,19,48
7040,38,15,44
7041,34,18,50
7042,25,16,29
7043,59,17,22
7044,32,18,72
7045,61,17,37
7046,44,15,78
7047,44,19,50
7048,32,16,69
7049,25,18,70
7050,51,16,54
7051,44,17,70
7052,63,17,6
7053,38,19,41
7054,21,17,23
7055,22,19,68
7056,44,18,18
7057,29,19,9
7058,20,17,85
7059,32,15,11
7060,62,19,19
7061,48,16,93
7062,30,15,14
7063,44,19,59
7064,62,16,47
7065,51,15,13
7066,31,19,15
7067,32,18,33
7068,42,16,79
7069,52,18,28
7070,62,17,65
7071,44,19,33
7072,39,19,24
7073,46,16,8
7074,54,19,22
7075,58,17,87
7076,20,19,12
7077,60,15,85
7078,27,18,37
7079,41,17,28
7080,33,17,73
7081,31,18,39
7082,41,18,10
7083,35,17,7
7084,20,18,46
7085,38,16,94
7086,38,18,69
7087,64,15,74
7088,21,15,81
7089,30,16,93
7090,58,18,51
7091,20,15,38
7092,54,19,82
7093,32,18,28
7094,34,16,47
7095,37,18,63
7096,52,17,46
7097,62,17,6
7098,64,15,78
7099,24,17,83
7100,31,16,60
7101,54,15,28
7102,40,16,81
7103,36,16,31
7104,30,17,11
7105,48,17,80
7106,58,16,38
7107,25,17,6
7108,50,17,61
7109,37,17,39
7110,24,18,90
7111,38,16,83
7112,45,19,15
7113,61,16,22
7114,55,15,19
7115,25,17,53
7116,23,17,93
7117,29,19,57
7118,33,15,35
7119,21,18,23
7120,23,16,83
7121,41,18,24
7122,55,15,27
7123,27,19,69
7124,33,15,93
7125,21,19,93
7126,47,18,14
7127,24,18,17
7128,35,15,86
7129,44,15,88
7130,39,17,4
7131,26,19,6
7132,39,17,47
7133,29,16,15
7134,56,16,57
7135,26,15,34
7136,60,18,24
7137,42,16,91
7138,53,16,93
7139,32,17,57
7140,32,17,19
7141,28,16,72
7142,30,15,53
7143,56,17,82
7144,62,16,10
7145,64,18,63
7146,52,17,12
7147,59,16,21
7148,28,19,16
7149,35,17,69
7150,35,19,57
7151,21,17,63
7152,49,17,58
7153,19,19,65
7154,30,15,89
7155,57,16,13
7156,22,15,49
7157,60,15,8
7158,31,16,36
7159,52,18,67
7160,60,15,91
7161,39,15,66
7162,40,15,89
7163,22,18,84
7164,36,17,80
7165,23,19,83
7166,37,19,68
7167,20,18,33
7168,30,15,85
7169,35,19,64
7170,28,18,56
7171,52,16,94
7172,24,19,10
7173,26,16,44
7174,29,15,43
7175,30,19,61
7176,27,18,42
7177,20,17,24
7178,26,19,26
7179,29,19,40
7180,54,19,4
7181,28,19,43
7182,39,18,21
7183,38,18,4
7184,26,17,94
7185,54,18,64
7186,47,18,85
7187,60,15,18
7188,30,15,24
7189,32,16,16
7190,39,17,58
7191,40,15,67
7192,39,17,47
7193,62,17,56
7194,48,19,68
7195,57,17,88
7196,38,19,48
7197,42,16,35
7198,41,16,81
7199,25,16,52
7200,27,19,24
7201,19,19,42
7202,44,16,41
7203,56,19,43
7204,56,18,77
7205,62,18,70
7206,40,19,9
7207,62,19,87
7208,28,15,73
7209,24,15,6
7210,35,17,78
7211,56,17,93
7212,42,17,61
7213,28,16,83
7214,26,18,86
7215,39,16,28
7216,24,19,33
7217,39,15,75
7218,57,19,71
7219,42,19,54
7220,51,15,74
7221,36,19,23
7222,46,17,18
7223,50,15,53
7224,30,19,18
7225,60,17,20
7226,45,17,49
7227,28,18,58
7228,64,17,30
7229,60,16,84
7230,50,15,80
7231,60,15,58
7232,44,15,39
7233,43,19,18
7234,29,19,87
7235,41,16,67
7236,52,17,62
7237,58,19,63
7238,41,17,13
7239,47,17,77
7240,49,19,68
7241,25,19,34
7242,58,16,21
7243,51,18,58
7244,39,15,7
7245,20,19,5
7246,36,19,30
7247,51,17,92
7248,55,18,89
7249,52,19,74
7250,38,18,31
7251,53,15,79
7252,36,17,61
7253,64,16,27
7254,42,15,24
7255,26,18,73
7256,48,18,25
7257,62,15,72
7258,28,18,81
7259,41,16,81
7260,29,16,42
7261,20,18,16
7262,44,18,31
7263,54,16,18
7264,51,18,89
7265,31,19,12
7266,58,17,49
7267,43,19,6
7268,22,18,14
7269,60,18,44
7270,37,17,6
7271,36,18,86
7272,55,17,94
7273,48,16,94
7274,37,17,8
7275,41,17,16
7276,34,19,37
7277,19,18,49
7278,30,16,60
7279,42,15,67
7280,52,17,21
7281,26,15,59
7282,36,18,67
7283,23,17,15
7284,44,15,10
7285,48,19,20
7286,31,15,37
7287,37,19,89
7288,47,16,28
7289,21,18,40
7290,44,15,86
7291,58,17,68
7292,30,18,28
7293,20,15,59
7294,29,17,27
7295,62,17,32
7296,46,17,84
7297,36,17,9
7298,31,15,29
7299,55,16,13
7300,40,19,10
7301,30,19,13
7302,20,19,90
7303,55,16,32
7304,25,17,17
7305,44,17,58
7306,44,18,37
7307,42,19,41
7308,30,19,26
7309,34,17,10
7310,41,19,45
7311,58,17,44
7312,27,17,86
7313,50,17,43
7314,33,15,49
7315,55,15,28
7316,31,15,54
7317,23,15,90
7318,29,16,24
7319,28,18,7
7320,31,18,17
7321,59,17,38
7322,64,19,65
7323,33,15,81
7324,60,18,93
7325,25,18,51
7326,58,15,57
7327,46,16,74
7328,50,16,62
7329,53,18,59
7330,33,16,31
7331,54,15,21
7332,39,18,75
7333,24,15,12
7334,19,16,12
7335,22,15,91
7336,29,16,59
7337,62,16,56
7338,44,15,58
7339,55,16,70
7340,41,17,71
7341,47,15,89
7342,39,17,57
7343,63,15,71
7344,63,16,74
7345,45,16,83
7346,57,18,3
7347,58,18,14
7348,31,17,37
7349,41,16,80
7350,34,18,84
7351,48,16,76
7352,22,15,81
7353,58,18,35
7354,34,17,85
7355,49,18,27
7356,60,16,18
7357,43,19,10
7358,62,19,37
7359,30,16,87
7360,44,15,85
7361,55,18,48
7362,51,19,13
7363,46,15,63
7364,27,16,46
7365,30,15,13
7366,23,16,13
7367,46,18,24
7368,53,15,87
7369,23,18,93
7370,52,15,84
7371,64,16,64
7372,52,16,50
7373,31,15,65
7374,57,16,53
7375,60,17,47
7376,63,17,35
7377,32,18,87
7378,29,17,62
7379,60,17,4
7380,56,19,15
7381,22,19,68
7382,51,19,59
7383,25,19,45
7384,59,16,47
7385,26,18,33
7386,55,18,12
7387,28,17,25
7388,61,18,88
7389,33,17,31
7390,56,18,33
7391,33,15,80
7392,23,15,76
7393,47,18,20
7394,37,16,13
7395,28,17,49
7396,30,18,5
7397,22,17,4
7398,49,19,56
7399,36,18,74
7400,34,16,33
7401,58,19,10
7402,54,18,45
7403,43,15,50
7404,41,18,4
7405,30,15,24
7406,52,15,7
7407,54,18,9
7408,55,18,22
7409,21,15,94
7410,27,17,79
7411,36,19,4
7412,61,16,34
7413,53,18,92
7414,52,19,5
7415,59,19,43
7416,32,17,44
7417,22,19,79
7418,47,18,87
7419,59,19,47
7420,63,18,89
7421,33,18,73
7422,46,15,19
7423,60,17,94
7424,34,16,49
7425,30,15,71
7426,23,16,26
7427,52,18,73
7428,60,15,36
7429,19,19,52
7430,57,19,44
7431,50,16,35
7432,44,18,29
7433,35,16,80
7434,45,17,61
7435,42,19,21
7436,53,15,78
7437,64,15,5
7438,60,15,73
7439,57,19,27
7440,44,18,17
7441,56,19,85
7442,41,19,62
7443,40,15,85
7444,22,19,25
7445,27,15,13
7446,22,18,61
7447,25,17,87
7448,41,15,36
7449,20,16,9
7450,42,17,46
7451,58,18,93
7452,49,17,66
7453,49,15,25
7454,58,18,60
7455,61,16,22
7456,52,15,29
7457,42,15,62
7458,44,18,10
7459,34,18,69
7460,31,17,4
7461,33,16,24
7462,45,17,72
7463,22,17,38
7464,34,15,26
7465,48,18,14
7466,62,15,83
7467,48,16,24
7468,54,17,85
7469,21,16,75
7470,40,18,78
7471,40,18,83
7472,30,19,25
7473,39,16,76
7474,22,15,65
7475,49,16,32
7476,62,17,21
7477,49,18,28
7478,41,18,92
7479,38,16,13
7480,33,16,22
7481,41,16,58
7482,46,17,47
7483,34,17,70
7484,55,15,49
7485,39,16,78
7486,33,15,91
7487,35,19,60
7488,55,17,12
7489,31,18,24
7490,37,19,73
7491,48,18,26
7492,63,19,68
7493,36,15,87
7494,32,15,63
7495,54,17,9
7496,54,18,74
7497,38,19,40
7498,37,16,23
7499,63,16,10
7500,62,17,91
7501,25,18,30
7502,62,16,94
7503,22,17,56
7504,52,17,33
7505,20,18,91
7506,23,16,43
7507,28,16,39
7508,50,16,40
7509,60,15,53
7510,59,16,78
7511,31,19,39
7512,57,15,33
7513,23,15,64
7514,28,15,20
7515,28,15,92
7516,56,17,8
7517,45,19,11
7518,39,18,13
7519,26,16,4
7520,19,15,31
7521,46,18,53
7522,57,17,71
7523,32,18,25
7524,39,15,9
7525,48,19,58
7526,39,18,79
7527,27,15,64
7528,35,15,76
7529,23,16,82
7530,49,16,17
7531,58,19,55
7532,56,16,45
7533,61,19,85
7534,37,17,87
7535,54,17,37
7536,51,16,81
7537,31,17,16
7538,32,18,71
7539,51,18,51
7540,47,18,20
7541,61,17,53
7542,54,18,3
7543,62,19,29
7544,28,15,66
7545,49,16,62
7546,24,19,93
7547,19,18,91
7548,25,15,43
7549,45,16,23
7550,39,19,16
7551,46,16,22
7552,34,17,94
7553,64,18,87
7554,41,19,89
7555,38,19,13
7556,56,15,68
7557,43,15,86
7558,46,15,26
7559,23,16,91
7560,39,18,39
7561,36,16,88
7562,24,18,26
7563,47,19,17
7564,37,16,14
7565,51,16,66
7566,19,16,33
7567,63,17,55
7568,21,18,86
7569,60,18,74
7570,39,16,46
7571,53,17,32
7572,59,16,37
7573,58,18,23
7574,21,19,65
7575,43,17,94
7576,63,17,19
7577,56,16,14
7578,63,19,20
7579,38,18,94
7580,62,15,62
7581,63,18,69
7582,52,18,17
7583,39,19,18
7584,41,17,24
7585,24,18,65
7586,31,17,33
7587,41,19,3
7588,27,19,77
7589,35,16,8
7590,20,15,89
7591,37,19,11
7592,37,19,54
7593,25,17,82
7594,60,19,64
7595,60,18,60
7596,38,16,21
7597,27,16,15
7598,35,18,34
7599,45,19,11
7600,20,15,51
7601,54,19,39
7602,37,16,33
7603,35,15,33
7604,23,17,61
7605,57,17,57
7606,36,19,21
7607,25,19,65
7608,35,15,4
7609,57,15,47
7610,54,19,45
7611,58,16,3
7612,63,17,87
7613,22,15,63
7614,56,16,5
7615,43,19,93
7616,23,18,46
7617,48,15,9
7618,30,18,35
7619,22,16,11
7620,42,17,32
7621,47,16,20
7622,27,17,58
7623,22,16,92
7624,42,15,86
7625,32,15,33
7626,23,18,74
7627,36,16,65
7628,60,16,89
7629,37,18,52
7630,30,19,91
7631,36,16,3
7632,35,16,84
7633,48,16,21
7634,42,19,66
7635,29,15,55
7636,53,18,8
7637,41,19,19
7638,35,17,48
7639,19,17,74
7640,33,19,75
7641,50,19,57
7642,27,15,93
7643,33,17,8
7644,46,18,72
7645,42,16,70
7646,53,16,88
7647,40,15,42
7648,45,15,93
7649,37,17,68
7650,63,18,11
7651,30,18,13
7652,38,19,22
7653,19,15,45
7654,39,16,60
7655,63,16,80
7656,19,17,28
7657,28,16,40
7658,50,18,38
7659,57,18,57
7660,40,15,8
7661,36,17,5
7662,64,16,67
7663,50,15,66
7664,45,19,60
7665,46,19,60
7666,36,16,20
7667,57,16,25
7668,47,16,31
7669,36,18,25
7670,62,16,38
7671,26,19,72
7672,49,16,83
7673,52,17,84
7674,25,19,8
7675,54,17,36
7676,36,19,46
7677,56,15,46
7678,27,19,29
7679,27,19,54
7680,64,17,44
7681,26,17,27
7682,53,19,76
7683,36,19,41
7684,23,18,41
7685,32,15,14
7686,46,15,13
7687,48,16,5
7688,22,19,24
7689,57,19,6
7690,38,19,10
7691,43,19,16
7692,46,15,86
7693,30,17,90
7694,20,18,16
7695,61,17,94
7696,32,17,18
7697,40,15,34
7698,49,18,66
7699,41,19,78
7700,38,15,18
7701,56,15,54
7702,22,18,21
7703,33,16,71
7704,42,15,14
7705,43,17,7
7706,19,17,44
7707,25,19,19
7708,49,15,74
7709,30,19,12
7710,60,15,86
7711,23,18,18
7712,62,15,18
7713,60,16,44
7714,56,17,5
7715,30,18,25
7716,57,17,88
7717,36,19,30
7718,20,18,47
7719,28,16,70
7720,33,17,26
7721,48,15,21
7722,62,15,77
7723,35,15,42
7724,22,18,48
7725,25,16,42
7726,59,16,64
7727,49,16,20
7728,57,17,14
7729,52,18,16
7730,24,15,84
7731,56,17,63
7732,63,16,14
7733,52,15,29
7734,62,18,8
7735,33,19,90
7736,32,16,35
7737,24,16,82
7738,55,16,52
7739,50,16,14
7740,21,15,59
7741,21,18,55
7742,40,17,15
7743,40,15,74
7744,28,18,5
7745,21,17,66
7746,30,16,86
7747,47,18,60
7748,35,16,6
7749,25,18,47
7750,31,19,68
7751,20,16,38
7752,22,16,25
7753,28,16,21
7754,57,15,42
7755,42,17,74
7756,35,16,18
7757,24,16,60
7758,37,15,20
7759,23,15,38
7760,50,19,26
7761,28,18,3
7762,27,16,3
7763,45,18,66
7764,31,15,64
7765,37,15,38
7766,39,19,77
7767,42,17,20
7768,56,15,18
7769,22,16,19
7770,42,19,26
7771,53,17,70
7772,21,19,81
7773,22,15,4
7774,55,17,75
7775,58,18,12
7776,53,17,55
7777,49,16,91
7778,62,18,53
7779,43,18,71
7780,58,16,16
7781,31,18,68
7782,22,15,84
7783,64,17,55
7784,32,17,86
7785,31,16,66
7786,45,15,74
7787,24,18,51
7788,35,17,92
7789,54,17,64
7790,58,17,39
7791,53,17,51
7792,35,19,70
7793,59,16,35
7794,20,18,24
7795,31,18,72
7796,20,16,35
7797,46,15,30
7798,61,16,90
7799,44,17,6
7800,40,17,68
7801,61,16,79
7802,21,16,51
7803,53,18,13
7804,30,18,37
7805,42,19,41
7806,23,19,12
7807,38,17,76
7808,57,19,74
7809,57,19,71
7810,31,15,25
7811,59,16,36
7812,63,18,34
7813,30,19,18
7814,31,18,70
7815,28,19,56
7816,51,19,30
7817,58,17,62
7818,34,15,80
7819,63,16,78
7820,53,16,62
7821,21,17,87
7822,23,17,82
7823,44,16,46
7824,29,16,4
7825,25,15,25
7826,28,19,48
7827,60,15,75
7828,52,16,56
7829,21,19,73
7830,26,16,83
7831,49,15,11
7832,29,15,72
7833,63,15,46
7834,25,19,86
7835,63,18,76
7836,20,18,75
7837,24,16,14
7838,59,19,34
7839,50,17,36
7840,38,18,85
7841,52,19,35
7842,34,19,66
7843,43,18,50
7844,30,19,18
7845,25,19,52
7846,57,18,25
7847,35,15,28
7848,63,16,56
7849,29,17,46
7850,24,16,39
7851,41,15,11
7852,45,15,15
7853,64,19,62
7854,24,16,82
7855,56,15,4
7856,20,16,62
7857,40,15,59
7858,38,17,45
7859,43,15,21
7860,33,16,13
7861,47,19,80
7862,26,16,49
7863,55,18,91
7864,51,16,65
7865,40,17,9
7866,23,17,81
7867,57,17,33
7868,36,15,90
7869,56,17,57
7870,55,16,27
7871,48,19,74
7872,49,17,32
7873,28,16,38
7874,33,15,52
7875,60,15,16
7876,62,19,31
7877,36,19,29
7878,41,16,52
7879,51,19,38
7880,34,19,36
7881,56,15,23
7882,53,16,40
7883,52,19,77
7884,46,16,81
7885,20,17,78
7886,48,15,90
7887,31,15,52
7888,59,15,39
7889,34,18,77
7890,23,16,21
7891,46,17,3
7892,57,19,83
7893,63,17,42
7894,38,16,57
7895,42,15,82
7896,45,18,28
7897,48,16,45
7898,63,16,61
7899,45,19,53
7900,44,17,17
7901,25,17,10
7902,60,19,16
7903,56,18,9
7904,23,15,20
7905,41,15,14
7906,46,18,4
7907,52,19,52
7908,33,16,23
7909,50,17,9
7910,44,16,93
7911,49,17,14
7912,37,16,86
7913,27,19,59
7914,47,19,80
7915,57,18,76
7916,22,16,25
7917,21,16,32
7918,47,18,60
7919,29,18,54
7920,51,19,58
7921,56,19,12
7922,29,16,21
7923,45,19,21
7924,51,19,89
7925,39,16,61
7926,57,18,46
7927,49,16,61
7928,56,15,86
7929,64,16,6
7930,20,15,67
7931,45,16,15
7932,54,15,69
7933,29,15,14
7934,36,16,57
7935,19,19,63
7936,53,17,43
7937,53,19,38
7938,49,15,4
7939,46,16,24
7940,57,16,24
7941,19,16,43
7942,43,16,16
7943,61,17,37
7944,56,18,52
7945,38,15,11
7946,21,17,61
7947,20,19,58
7948,36,18,93
7949,62,18,12
7950,28,16,27
7951,23,17,47
7952,27,19,13
7953,20,16,11
7954,52,16,9
7955,56,15,73
7956,49,18,36
7957,28,19,85
7958,30,18,22
7959,54,17,91
7960,39,15,7
7961,24,16,57
7962,21,15,93
7963,28,16,91
7964,23,15,17
7965,64,16,50
7966,44,18,6
7967,39,18,80
7968,63,18,83
7969,44,18,23
7970,56,15,82
7971,62,16,92
7972,44,18,11
7973,26,15,68
7974,23,16,81
7975,33,15,37
7976,34,18,90
7977,19,17,53
7978,34,15,80
7979,55,18,39
7980,21,19,8
7981,49,16,84
7982,31,18,88
7983,34,19,84
7984,61,15,53
7985,39,15,68
7986,20,19,19
7987,45,19,67
7988,56,16,11
7989,44,15,15
7990,56,19,60
7991,64,17,32
7992,43,17,33
7993,29,19,25
7994,26,16,65
7995,26,15,30
7996,51,17,61
7997,25,19,12
7998,56,19,91
7999,39,18,92
8000,26,19,28
8001,39,16,79
8002,38,17,19
8003,26,18,42
8004,64,17,70
8005,49,17,25
8006,47,16,37
8007,27,19,77
8008,33,16,78
8009,48,19,11
8010,44,18,81
8011,28,16,47
8012,47,16,39
8013,34,15,71
8014,54,16,21
8015,38,15,77
8016,63,19,75
8017,55,19,29
8018,40,19,15
8019,25,15,59
8020,41,19,62
8021,59,17,14
8022,58,16,11
8023,47,15,94
8024,34,19,79
8025,56,17,86
8026,46,16,79
8027,56,16,29
8028,49,19,92
8029,32,17,65
8030,51,15,31
8031,27,19,24
8032,45,16,75
8033,42,16,90
8034,31,16,21
8035,44,19,40
8036,47,18,41
8037,61,18,17
8038,46,18,56
8039,46,17,34
8040,26,19,48
8041,41,16,63
8042,47,17,54
8043,23,18,36
8044,60,15,75
8045,25,17,37
8046,60,17,72
8047,54,19,39
8048,59,17,80
8049,45,19,63
8050,64,15,51
8051,20,16,11
8052,43,16,21
8053,27,18,89
8054,45,18,30
8055,19,15,82
8056,41,16,28
8057,28,18,40
8058,60,17,42
8059,43,19,27
8060,21,18,71
8061,24,15,73
8062,24,16,25
8063,20,15,91
8064,36,19,67
8065,41,19,24
8066,20,15,66
8067,30,18,70
8068,40,18,60
8069,55,16,30
8070,38,16,80
8071,57,17,70
8072,42,17,77
8073,38,16,6
8074,19,17,3
8075,19,15,28
8076,35,18,35
8077,19,17,83
8078,63,17,29
8079,48,15,44
8080,59,19,71
8081,21,16,73
8082,64,15,66
8083,29,19,27
8084,42,15,74
8085,40,18,6
8086,62,15,14
8087,63,15,60
8088,44,18,13
8089,31,16,61
8090,19,19,38
8091,42,17,24
8092,28,16,67
8093,53,15,52
8094,42,17,6
8095,46,18,74
8096,54,16,91
8097,34,19,94
8098,58,16,54
8099,34,16,45
8100,35,17,48
8101,33,18,6
8102,34,18,15
8103,33,16,40
8104,52,18,47
8105,29,17,27
8106,19,17,69
8107,33,19,57
8108,44,18,41
8109,22,19,67
8110,61,15,77
8111,23,17,4
8112,53,16,71
8113,31,17,88
8114,28,15,64
8115,29,16,48
8116,36,18,79
8117,52,18,89
8118,57,17,33
8119,59,16,37
8120,60,16,47
8121,41,19,79
8122,25,15,56
8123,57,18,73
8124,21,17,71
8125,30,16,31
8126,25,18,74
8127,44,17,10
8128,51,18,56
8129,55,17,9
8130,33,18,85
8131,20,19,25
8132,59,15,34
8133,25,18,64
8134,50,15,47
8135,22,18,70
8136,38,16,32
8137,54,19,41
8138,50,19,7
8139,46,15,69
8140,31,16,24
8141,19,17,30
8142,53,19,24
8143,48,16,88
8144,54,16,31
8145,43,15,45
8146,34,16,44
8147,37,16,62
8148,19,17,79
8149,23,15,73
8150,40,15,76
8151,42,16,94
8152,61,17,70
8153,63,18,61
8154,55,19,88
8155,54,15,86
8156,54,17,86
8157,22,17,8
8158,54,16,75
8159,36,19,30
8160,34,15,79
8161,59,18,33
8162,36,16,41
8163,40,15,52
8164,20,15,80
8165,39,17,88
8166,54,19,39
8167,62,18,90
8168,57,19,74
8169,57,17,17
8170,47,18,53
8171,44,18,72
8172,39,16,25
8173,35,18,27
8174,34,15,48
8175,49,19,25
8176,27,19,12
8177,49,16,75
8178,32,18,79
8179,55,17,34
8180,20,15,53
8181,64,16,43
8182,32,18,67
8183,51,17,67
8184,53,18,42
8185,57,16,20
8186,38,17,38
8187,20,17,33
8188,59,17,56
8189,37,17,65
8190,55,18,3
8191,36,17,54
8192,34,18,59
8193,22,17,11
8194,30,17,88
8195,47,16,94
8196,25,18,92
8197,32,18,76
8198,30,19,58
8199,53,16,49
8200,23,18,5
8201,35,16,4
8202,60,16,56
8203,50,16,39
8204,28,15,58
8205,61,18,33
8206,35,16,14
8207,23,15,60
8208,63,15,69
8209,60,17,28
8210,27,17,80
8211,51,18,14
8212,54,17,92
8213,54,18,18
8214,36,15,55
8215,27,15,74
8216,47,18,51
8217,32,17,51
8218,43,17,94
8219,33,18,9
8220,24,19,17
8221,60,17,38
8222,47,16,74
8223,33,17,76
8224,47,19,17
8225,22,15,64
8226,36,15,20
8227,62,15,48
8228,57,17,63
8229,34,15,45
8230,29,19,46
8231,32,19,68
8232,21,17,57
8233,60,16,88
8234,56,17,81
8235,63,15,41
8236,60,17,7
8237,36,19,59
8238,38,17,17
8239,43,17,93
8240,56,16,18
8241,31,19,59
8242,22,18,84
8243,32,18,27
8244,51,19,24
8245,46,18,33
8246,55,15,36
8247,26,18,89
8248,62,15,18
8249,52,19,72
8250,62,18,61
8251,23,18,17
8252,23,15,84
8253,49,15,15
8254,63,17,26
8255,27,16,15
8256,60,18,67
8257,50,16,38
8258,51,16,51
8259,21,18,84
8260,48,15,50
8261,30,17,45
8262,47,19,8
8263,21,18,83
8264,44,18,70
8265,48,19,16
8266,27,16,32
8267,44,17,86
8268,20,16,10
8269,21,19,56
8270,64,19,68
8271,22,17,6
8272,43,19,76
8273,31,19,86
8274,57,17,62
8275,62,18,55
8276,53,16,76
8277,41,18,94
8278,27,18,17
8279,20,16,3
8280,59,18,24
8281,62,17,93
8282,49,16,17
8283,62,15,76
8284,20,18,86
8285,50,19,24
8286,36,16,52
8287,31,15,50
8288,64,19,75
8289,23,15,53
8290,60,18,19
8291,62,19,85
8292,28,18,93
8293,61,19,53
8294,43,16,39
8295,52,17,51
8296,55,17,61
8297,48,15,12
8298,25,19,32
8299,24,18,87
8300,21,16,23
8301,31,16,36
8302,21,16,75
8303,44,17,52
8304,42,18,78
8305,24,16,49
8306,61,16,87
8307,60,15,86
8308,30,19,8
8309,54,19,52
8310,20,19,65
8311,29,15,14
8312,57,17,43
8313,52,15,33
8314,44,16,4
8315,36,18,18
8316,39,16,3
8317,54,16,6
8318,58,18,49
8319,64,19,67
8320,62,15,54
8321,40,17,49
8322,48,16,79
8323,61,16,52
8324,48,17,47
8325,26,15,44
8326,52,16,86
8327,27,17,58
8328,38,16,73
8329,58,19,59
8330,43,19,35
8331,37,16,30
8332,23,16,46
8333,29,19,58
8334,33,16,46
8335,26,15,86
8336,37,15,75
8337,41,18,36
8338,45,15,16
8339,58,16,70
8340,50,16,31
8341,44,17,81
8342,45,15,19
8343,37,19,85
8344,60,19,11
8345,47,18,29
8346,57,17,51
8347,59,19,81
8348,51,18,39
8349,37,15,30
8350,55,17,52
8351,37,17,57
8352,51,16,6
8353,34,15,87
8354,41,17,21
8355,25,18,39
8356,44,19,6
8357,50,15,39
8358,30,15,53
8359,26,17,34
8360,23,17,47
8361,60,17,14
8362,46,18,43
8363,23,16,58
8364,44,17,82
8365,23,16,16
8366,40,16,56
8367,33,15,65
8368,31,19,67
8369,46,19,60
8370,51,18,23
8371,61,18,6
8372,41,19,75
8373,51,19,48
8374,61,15,88
8375,36,15,14
8376,48,19,32
8377,44,17,62
8378,34,17,73
8379,31,15,83
8380,57,16,67
8381,51,19,16
8382,44,18,46
8383,19,17,28
8384,56,16,93
8385,20,17,18
8386,24,16,9
8387,64,19,34
8388,56,19,91
8389,60,19,18
8390,42,15,80
8391,36,16,91
8392,45,18,64
8393,59,18,32
8394,26,19,73
8395,46,18,14
8396,28,17,69
8397,35,16,93
8398,47,16,48
8399,24,16,85
8400,32,17,45
8401,40,15,57
8402,24,17,47
8403,44,16,62
8404,57,16,73
8405,30,16,82
8406,53,18,34
8407,32,15,10
8408,40,17,79
8409,41,16,64
8410,25,19,77
8411,58,15,22
8412,43,19,20
8413,31,15,8
8414,39,16,86
8415,59,15,31
8416,28,15,6
8417,27,16,73
8418,33,19,45
8419,20,19,86
8420,43,18,36
8421,31,19,73
8422,52,19,35
8423,52,15,17
8424,53,18,88
8425,56,16,42
8426,21,16,91
8427,60,17,7
8428,24,18,80
8429,37,15,52
8430,21,17,68
8431,36,17,91
8432,57,16,56
8433,27,19,82
8434,30,15,48
8435,23,18,82
8436,21,17,13
8437,29,15,51
8438,48,16,25
8439,22,17,57
8440,23,17,7
8441,19,16,66
8442,45,16,37
8443,46,16,71
8444,47,15,56
8445,36,15,5
8446,30,15,8
8447,31,19,89
8448,59,17,58
8449,20,15,4
8450,55,19,84
8451,63,17,40
8452,34,15,58
8453,42,16,7
8454,53,18,48
8455,40,15,13
8456,54,18,67
8457,29,15,12
8458,64,16,43
8459,47,18,46
8460,53,19,92
8461,33,16,35
8462,49,18,93
8463,60,18,58
8464,59,16,14
8465,61,16,4
8466,34,16,3
8467,28,17,67
8468,50,19,35
8469,20,15,88
8470,42,18,78
8471,41,15,38
8472,20,16,23
8473,56,19,86
8474,49,19,38
8475,58,17,28
8476,44,16,49
8477,47,18,3
8478,21,17,40
8479,32,16,16
8480,43,17,92
8481,19,15,48
8482,21,16,44
8483,44,18,9
8484,36,18,57
8485,27,16,58
8486,56,17,78
8487,41,19,65
8488,39,16,26
8489,19,18,85
8490,39,15,75
8491,45,18,6
8492,60,19,44
8493,24,18,72
8494,62,19,30
8495,54,16,94
8496,46,18,42
8497,63,17,53
8498,35,17,31
8499,58,18,44
8500,21,18,71
8501,30,15,7
8502,57,18,43
8503,30,15,63
8504,20,15,57
8505,64,15,30
8506,40,15,43
8507,41,16,11
8508,48,17,31
8509,23,15,80
8510,27,17,40
8511,39,15,64
8512,29,17,56
8513,23,18,54
8514,53,18,36
8515,45,17,39
8516,20,15,51
8517,42,16,44
8518,49,17,16
8519,51,19,84
8520,57,16,35
8521,48,19,94
8522,64,17,89
8523,55,15,19
8524,46,19,77
8525,49,17,34
8526,29,16,81
8527,41,15,70
8528,20,19,41
8529,58,17,12
8530,59,15,89
8531,45,15,26
8532,53,18,60
8533,20,15,71
8534,57,17,66
8535,55,16,21
8536,39,18,10
8537,23,17,73
8538,63,17,42
8539,39,17,15
8540,47,19,29
8541,38,19,84
8542,56,16,90
8543,38,17,4
8544,43,19,18
8545,20,19,16
8546,50,19,19
8547,44,16,62
8548,24,16,72
8549,59,17,19
8550,21,18,47
8551,51,17,40
8552,19,19,66
8553,23,19,8
8554,31,15,62
8555,37,17,51
8556,30,19,23
8557,43,19,25
8558,53,18,78
8559,30,15,59
8560,48,17,66
8561,23,16,31
8562,52,17,29
8563,40,17,8
8564,57,18,23
8565,31,17,73
8566,21,18,43
8567,38,18,82
8568,49,19,7
8569,23,16,17
8570,42,18,23
8571,58,15,60
8572,51,15,6
8573,26,16,71
8574,42,18,9
8575,38,16,37
8576,34,19,38
8577,30,15,17
8578,31,17,94
8579,63,15,4
8580,60,18,59
8581,57,16,7
8582,43,15,73
8583,64,17,88
8584,50,17,34
8585,42,16,74
8586,62,16,43
8587,27,15,44
8588,58,18,77
8589,41,19,67
8590,31,17,42
8591,50,16,85
8592,33,19,40
8593,54,19,44
8594,23,19,39
8595,40,18,58
8596,34,16,73
8597,59,17,57
8598,28,16,91
8599,42,15,56
8600,36,17,24
8601,36,16,29
8602,25,17,49
8603,22,15,40
8604,44,17,41
8605,23,19,17
8606,34,18,68
8607,53,15,63
8608,44,17,62
8609,36,15,10
8610,47,19,46
8611,41,18,45
8612,32,15,8
8613,33,19,86
8614,51,19,29
8615,43,19,47
8616,39,17,25
8617,35,16,83
8618,41,15,15
8619,61,16,70
8620,35,19,86
8621,32,16,66
8622,47,19,27
8623,38,19,88
8624,48,18,54
8625,37,18,50
8626,57,16,63
8627,31,15,19
8628,36,16,42
8629,41,15,77
8630,64,16,91
8631,51,17,71
8632,57,17,87
8633,58,15,28
8634,36,18,82
8635,27,15,58
8636,51,16,42
8637,50,19,87
8638,35,17,70
8639,37,19,10
8640,45,17,75
8641,24,16,47
8642,53,17,19
8643,55,15,43
8644,52,19,79
8645,38,19,11
8646,43,16,72
8647,22,19,93
8648,28,16,26
8649,28,18,75
8650,42,15,13
8651,39,17,37
8652,29,17,31
8653,45,17,10
8654,34,18,19
8655,44,15,73
8656,48,19,14
8657,34,19,81
8658,25,15,52
8659,34,15,26
8660,53,17,39
8661,34,19,80
8662,58,15,13
8663,30,19,83
8664,53,15,61
8665,39,16,57
8666,61,17,29
8667,54,15,69
8668,35,18,62
8669,50,15,4
8670,59,16,70
8671,24,18,20
8672,42,18,22
8673,45,15,87
8674,38,16,65
8675,43,18,80
8676,20,17,74
8677,27,17,4
8678,46,19,92
8679,56,19,85
8680,21,16,44
8681,38,18,30
8682,24,17,31
8683,57,17,71
8684,51,16,30
8685,19,18,62
8686,55,16,92
8687,24,15,7
8688,63,17,17
8689,52,16,75
8690,33,16,34
8691,63,15,54
8692,44,19,92
8693,32,17,39
8694,25,16,17
8695,64,17,43
8696,49,19,6
8697,42,16,55
8698,49,15,86
8699,47,17,29
8700,60,15,23
8701,50,19,62
8702,35,19,88
8703,32,17,66
8704,58,19,73
8705,54,18,49
8706,42,17,56
8707,63,18,33
8708,45,19,19
8709,43,17,52
8710,50,18,9
8711,36,19,85
8712,64,16,30
8713,36,16,12
8714,55,15,29
8715,44,16,15
8716,27,18,68
8717,53,16,88
8718,26,17,86
8719,38,17,62
8720,60,17,45
8721,40,16,71
8722,37,16,65
8723,48,15,72
8724,46,19,67
8725,53,15,69
8726,61,18,56
8727,29,17,38
8728,49,16,73
8729,57,19,17
8730,54,19,77
8731,48,16,20
8732,41,15,6
8733,37,19,90
8734,30,15,13
8735,33,16,8
8736,49,15,53
8737,61,17,60
8738,55,16,62
8739,55,16,20
8740,33,19,81
8741,47,19,69
8742,61,19,19
8743,44,17,36
8744,62,17,32
8745,20,18,21
8746,38,16,11
8747,33,19,42
8748,22,16,46
8749,40,15,61
8750,56,17,93
8751,41,18,27
8752,44,15,73
8753,29,16,55
8754,46,17,50
8755,20,19,73
8756,26,15,86
8757,47,17,55
8758,29,16,51
8759,55,16,45
8760,36,15,21
8761,32,15,68
8762,28,15,36
8763,53,18,83
8764,27,19,90
8765,53,17,75
8766,29,16,56
8767,62,16,3
8768,30,19,94
8769,21,15,57
8770,57,15,17
8771,32,16,87
8772,46,19,17
8773,29,16,25
8774,57,15,68
8775,43,17,48
8776,39,15,11
8777,28,17,68
8778,61,18,68
8779,33,19,20
8780,37,18,19
8781,40,15,74
8782,39,19,36
8783,62,15,71
8784,50,19,66
8785,41,19,46
8786,31,15,31
8787,23,15,64
8788,22,19,94
8789,46,19,18
8790,32,15,80
8791,26,15,54
8792,27,16,4
8793,53,16,63
8794,55,16,6
8795,39,18,54
8796,36,19,43
8797,51,17,54
8798,26,18,33
8799,35,19,28
8800,61,17,29
8801,49,16,53
8802,52,17,50
8803,24,15,13
8804,40,15,10
8805,32,19,14
8806,21,18,47
8807,30,16,36
8808,54,19,79
8809,30,16,93
8810,63,15,74
8811,20,18,49
8812,20,18,23
8813,33,15,43
8814,41,17,77
8815,47,18,24
8816,35,17,23
8817,50,16,30
8818,25,18,69
8819,48,15,73
8820,46,17,16
8821,32,16,81
8822,62,16,75
8823,48,18,54
8824,35,18,45
8825,50,19,73
8826,64,19,78
8827,24,18,21
8828,42,19,29
8829,24,15,20
8830,45,15,15
8831,36,19,3
8832,42,18,87
8833,55,15,36
8834,42,16,15
8835,56,18,53
8836,52,17,89
8837,58,17,3
8838,33,18,89
8839,29,19,30
8840,40,15,34
8841,42,15,74
8842,19,18,57
8843,36,16,28
8844,62,19,16
8845,30,16,90
8846,61,18,70
8847,46,18,65
8848,58,16,84
8849,25,17,16
8850,41,18,29
8851,39,19,43
8852,52,16,5
8853,29,17,61
8854,40,16,25
8855,60,17,20
8856,53,17,76
8857,47,19,78
8858,60,18,43
8859,46,17,10
8860,36,18,34
8861,32,19,83
8862,36,18,43
8863,46,15,47
8864,42,17,80
8865,26,19,11
8866,60,16,92
8867,63,19,50
8868,26,17,26
8869,22,19,89
8870,45,16,46
8871,54,15,60
8872,23,17,68
8873,51,17,20
8874,52,19,82
8875,48,18,31
8876,26,18,77
8877,57,16,4
8878,44,15,80
8879,55,15,70
8880,52,19,41
8881,25,19,75
8882,58,18,43
8883,46,15,73
8884,57,15,83
8885,57,15,89
8886,46,16,77
8887,32,16,24
8888,56,19,84
8889,22,18,51
8890,60,17,30
8891,36,18,18
8892,62,16,70
8893,43,16,64
8894,25,19,38
8895,56,17,24
8896,46,15,13
8897,23,17,87
8898,21,17,82
8899,62,17,44
8900,49,19,57
8901,60,16,75
8902,38,15,37
8903,37,17,59
8904,29,15,36
8905,58,17,75
8906,21,16,79
8907,41,15,72
8908,25,18,6
8909,41,16,48
8910,25,15,94
8911,64,17,13
8912,52,17,63
8913,60,16,37
8914,37,16,71
8915,27,17,59
8916,36,15,13
8917,59,18,14
8918,63,19,45
8919,60,16,21
8920,43,17,79
8921,32,15,70
8922,62,16,80
8923,43,15,61
8924,37,16,4
8925,57,17,10
8926,33,15,24
8927,34,17,79
8928,45,15,23
8929,58,16,87
8930,28,19,94
8931,22,19,31
8932,37,18,88
8933,46,18,92
8934,39,17,77
8935,32,15,77
8936,51,18,85
8937,28,16,39
8938,37,19,80
8939,48,15,31
8940,40,19,85
8941,21,15,39
8942,55,18,23
8943,59,18,90
8944,36,17,92
8945,29,15,14
8946,20,16,50
8947,30,18,85
8948,24,17,49
8949,61,18,17
8950,58,19,69
8951,62,18,15
8952,47,15,61
8953,48,17,75
8954,20,15,15
8955,27,16,82
8956,20,16,80
8957,47,18,74
8958,51,17,21
8959,28,17,59
8960,52,17,34
8961,62,17,89
8962,26,18,23
8963,55,15,84
8964,51,18,16
8965,24,15,82
8966,62,19,26
8967,58,19,51
8968,63,15,34
8969,37,18,77
8970,50,16,13
8971,45,18,62
8972,19,16,70
8973,61,18,63
8974,51,17,92
8975,58,17,7
8976,50,19,38
8977,23,19,66
8978,35,15,80
8979,26,16,34
8980,60,17,73
8981,52,18,76
8982,27,15,68
8983,41,18,12
8984,53,17,23
8985,25,17,42
8986,33,17,44
8987,38,17,74
8988,43,18,48
8989,21,15,84
8990,64,17,75
8991,42,19,43
8992,52,15,6
8993,64,19,16
8994,40,18,16
8995,29,17,55
8996,26,15,86
8997,57,17,31
8998,61,17,25
8999,53,15,87
9000,64,17,33
9001,56,17,73
9002,26,16,79
9003,55,16,63
9004,45,15,25
9005,46,15,10
9006,58,17,78
9007,52,19,18
9008,50,15,28
9009,33,17,31
9010,62,19,8
9011,35,16,39
9012,51,15,35
9013,64,17,48
9014,34,16,63
9015,47,18,43
9016,27,16,20
9017,51,17,18
9018,47,19,53
9019,31,18,39
9020,39,18,16
9021,39,18,70
9022,23,15,32
9023,28,17,62
9024,24,18,55
9025,31,16,38
9026,19,19,32
9027,38,17,66
9028,64,16,16
9029,26,15,25
9030,28,18,50
9031,27,16,30
9032,59,17,9
9033,21,16,44
9034,29,15,12
9035,30,19,70
9036,28,18,46
9037,43,17,15
9038,43,18,87
9039,29,18,35
9040,54,18,94
9041,57,16,89
9042,44,16,34
9043,32,19,50
9044,57,15,7
9045,58,17,63
9046,19,16,92
9047,22,18,92
9048,48,15,5
9049,30,17,26
9050,53,17,36
9051,31,17,86
9052,49,17,44
9053,56,19,22
9054,61,17,43
9055,41,15,84
9056,22,16,22
9057,34,15,8
9058,25,18,59
9059,40,19,44
9060,47,19,27
9061,29,18,43
9062,51,15,43
9063,47,15,5
9064,57,18,45
9065,30,17,48
9066,25,17,59
9067,57,16,85
9068,60,15,76
9069,44,15,53
9070,58,18,7
9071,27,18,88
9072,59,17,75
9073,52,15,17
9074,63,15,90
9075,31,19,41
9076,54,16,72
9077,43,16,81
9078,42,17,40
9079,62,15,41
9080,35,19,54
9081,20,15,88
9082,31,18,5
9083,49,17,31
9084,47,16,33
9085,46,15,68
9086,45,17,47
9087,33,16,75
9088,49,15,24
9089,58,19,85
9090,33,17,12
9091,51,15,23
9092,38,16,19
9093,60,16,69
9094,30,19,9
9095,55,17,38
9096,27,17,69
9097,41,15,79
9098,26,16,32
9099,50,16,89
9100,32,19,73
9101,45,19,31
9102,43,17,74
9103,31,16,76
9104,39,15,35
9105,63,18,61
9106,49,15,22
9107,55,19,31
9108,61,15,55
9109,23,16,87
9110,31,17,3
9111,46,18,36
9112,61,17,46
9113,43,18,16
9114,53,18,39
9115,57,16,37
9116,25,16,61
9117,56,19,26
9118,50,19,67
9119,21,18,8
9120,63,19,70
9121,57,16,40
9122,55,19,3
9123,40,18,43
9124,26,17,33
9125,35,15,38
9126,45,19,75
9127,51,16,56
9128,64,17,89
9129,35,16,33
9130,60,19,31
9131,30,18,87
9132,64,15,5
9133,45,15,60
9134,26,17,92
9135,41,15,63
9136,60,18,8
9137,47,16,22
9138,38,18,63
9139,34,17,48
9140,35,17,15
9141,34,15,25
9142,37,18,81
9143,26,16,33
9144,56,18,6
9145,56,16,77
9146,47,16,68
9147,59,18,18
9148,54,19,33
9149,44,18,50
9150,49,16,45
9151,62,17,6
9152,30,17,64
9153,35,15,50
9154,33,17,30
9155,27,19,18
9156,57,16,91
9157,60,18,79
9158,30,18,71
9159,50,19,32
9160,43,17,67
9161,57,16,71
9162,36,17,16
9163,33,15,77
9164,50,17,36
9165,24,15,58
9166,62,18,31
9167,61,16,84
9168,53,15,81
9169,52,17,27
9170,56,17,68
9171,23,18,42
9172,36,19,93
9173,34,19,17
9174,26,17,34
9175,43,19,22
9176,50,16,55
9177,44,19,80
9178,40,16,93
9179,49,17,69
9180,61,17,51
9181,28,17,69
9182,30,18,79
9183,46,19,91
9184,24,15,84
9185,38,15,3
9186,23,17,41
9187,41,19,63
9188,27,16,57
9189,47,15,71
9190,34,17,4
9191,64,15,19
9192,40,15,31
9193,26,15,6
9194,38,17,75
9195,32,17,66
9196,57,18,87
9197,55,18,45
9198,52,18,78
9199,29,15,14
9200,58,19,52
9201,51,17,70
9202,49,18,63
9203,62,19,94
9204,52,18,75
9205,25,18,53
9206,41,19,79
9207,64,18,85
9208,25,15,80
9209,43,15,7
9210,21,15,93
9211,56,16,30
9212,38,18,92
9213,52,16,12
9214,62,17,90
9215,62,19,83
9216,48,17,54
9217,35,16,82
9218,28,15,19
9219,53,18,67
9220,38,18,23
9221,36,15,56
9222,63,18,51
9223,62,19,24
9224,45,19,71
9225,54,19,66
9226,41,17,38
9227,50,15,23
9228,28,19,58
9229,29,16,75
9230,56,19,93
9231,24,17,50
9232,59,16,78
9233,52,15,20
9234,54,15,17
9235,55,19,46
9236,35,16,47
9237,58,16,38
9238,58,19,42
9239,30,19,53
9240,39,18,32
9241,58,18,28
9242,37,19,87
9243,21,17,33
9244,36,18,58
9245,37,19,63
9246,24,16,19
9247,34,18,83
9248,26,17,26
9249,36,15,6
9250,61,16,11
9251,57,17,4
9252,30,17,37
9253,63,17,40
9254,28,16,47
9255,25,17,17
9256,64,15,44
9257,19,18,5
9258,54,16,33
9259,39,17,54
9260,55,19,43
9261,42,18,59
9262,43,16,44
9263,25,19,55
9264,60,19,58
9265,35,17,89
9266,47,16,78
9267,48,17,74
9268,25,15,55
9269,51,19,87
9270,25,15,87
9271,42,17,34
9272,29,18,83
9273,27,19,56
9274,30,18,39
9275,53,16,90
9276,22,19,10
9277,54,15,84
9278,46,18,13
9279,31,16,56
9280,41,19,62
9281,37,16,12
9282,60,15,92
9283,55,19,72
9284,57,16,83
9285,42,17,89
9286,34,19,44
9287,51,19,39
9288,30,19,94
9289,52,19,82
9290,25,17,78
9291,29,15,60
9292,49,17,87
9293,47,17,61
9294,31,16,26
9295,49,18,30
9296,20,18,39
9297,57,16,23
9298,33,17,35
9299,29,16,4
9300,52,19,85
9301,57,16,30
9302,22,16,17
9303,29,19,3
9304,47,18,30
9305,20,19,52
9306,34,15,37
9307,57,16,30
9308,31,16,11
9309,55,18,26
9310,35,17,65
9311,39,19,6
9312,62,17,58
9313,37,15,43
9314,25,19,69
9315,56,15,50
9316,26,15,88
9317,31,15,60
9318,55,19,41
9319,20,19,27
9320,59,18,62
9321,29,16,88
9322,42,17,49
9323,24,17,63
9324,44,15,86
9325,25,19,29
9326,57,19,44
9327,37,15,54
9328,24,16,50
9329,61,17,34
9330,47,18,26
9331,61,16,5
9332,57,19,29
9333,20,15,75
9334,37,17,42
9335,22,15,25
9336,24,19,9
9337,55,15,83
9338,46,17,39
9339,48,15,9
9340,25,17,79
9341,27,15,84
9342,43,15,24
9343,51,17,80
9344,19,15,84
9345,24,16,19
9346,36,18,21
9347,28,16,41
9348,46,18,38
9349,29,16,17
9350,51,18,65
9351,19,15,31
9352,31,17,62
9353,55,17,58
9354,38,19,42
9355,19,18,18
9356,21,19,35
9357,36,19,91
9358,59,18,18
9359,32,17,32
9360,49,18,68
9361,45,15,46
9362,35,19,40
9363,64,19,53
9364,47,18,62
9365,54,19,20
9366,55,17,7
9367,44,19,42
9368,35,18,8
9369,40,17,78
9370,43,17,14
9371,20,19,14
9372,40,18,75
9373,23,19,24
9374,22,15,51
9375,54,15,52
9376,24,17,82
9377,39,19,6
9378,31,15,52
9379,55,16,5
9380,43,15,18
9381,44,19,16
9382,57,19,66
9383,38,15,43
9384,51,19,70
9385,32,19,61
9386,54,16,4
9387,35,17,12
9388,39,19,77
9389,64,18,92
9390,34,17,28
9391,64,17,6
9392,34,18,92
9393,38,15,30
9394,47,16,4
9395,46,19,68
9396,26,15,18
9397,42,18,59
9398,21,16,25
9399,43,16,25
9400,37,16,79
9401,51,18,23
9402,20,15,27
9403,33,19,60
9404,40,16,39
9405,28,16,51
9406,36,15,79
9407,40,16,17
9408,64,16,30
9409,45,18,69
9410,31,17,89
9411,51,15,6
9412,23,15,49
9413,44,15,52
9414,31,18,62
9415,45,18,64
9416,32,19,69
9417,42,18,74
9418,21,15,45
9419,48,19,91
9420,53,17,60
9421,32,16,54
9422,30,16,78
9423,46,19,71
9424,62,17,48
9425,47,16,27
9426,61,19,27
9427,35,18,37
9428,58,15,63
9429,39,17,17
9430,41,16,92
9431,38,15,76
9432,29,19,90
9433,52,16,37
9434,28,15,31
9435,28,18,40
9436,61,17,71
9437,24,19,26
9438,54,16,21
9439,42,18,48
9440,30,17,51
9441,61,17,46
9442,41,18,75
9443,45,16,28
9444,63,17,27
9445,55,19,37
9446,24,15,38
9447,19,19,16
9448,24,17,58
9449,40,15,8
9450,59,18,34
9451,42,15,28
9452,43,15,17
9453,33,15,51
9454,44,17,58
9455,26,16,39
9456,42,17,55
9457,56,16,60
9458,24,18,85
9459,53,18,80
9460,60,18,38
9461,19,18,13
9462,64,18,29
9463,54,19,4
9464,30,17,24
9465,56,16,68
9466,29,18,86
9467,30,19,19
9468,60,19,6
9469,57,19,16
9470,25,17,9
9471,29,18,81
9472,54,19,18
9473,49,19,68
9474,51,18,21
9475,31,17,3
9476,36,19,33
9477,59,16,6
9478,42,15,93
9479,27,15,60
9480,49,15,58
9481,59,17,55
9482,28,19,91
9483,20,15,88
9484,56,15,45
9485,33,18,76
9486,21,19,51
9487,61,19,62
9488,49,18,18
9489,24,19,75
9490,21,16,83
9491,29,17,62
9492,33,18,49
9493,63,15,17
9494,46,19,65
9495,28,16,30
9496,56,16,22
9497,25,17,65
9498,33,16,35
9499,36,19,38
9500,36,19,15
9501,59,16,64
9502,42,19,70
9503,20,19,25
9504,58,15,74
9505,38,18,15
9506,52,19,90
9507,61,19,42
9508,44,17,32
9509,25,18,27
9510,56,18,75
9511,48,18,28
9512,60,16,26
9513,23,15,41
9514,29,15,91
9515,19,17,81
9516,52,18,63
9517,19,18,51
9518,37,19,43
9519,20,16,72
9520,39,16,22
9521,38,17,46
9522,41,15,18
9523,39,18,23
9524,42,17,17
9525,22,16,41
9526,30,16,44
9527,40,16,63
9528,38,18,6
9529,36,18,26
9530,19,18,5
9531,48,19,3
9532,51,15,15
9533,42,16,56
9534,32,16,84
9535,54,19,42
9536,23,16,13
9537,29,16,44
9538,42,18,6
9539,49,18,27
9540,31,15,38
9541,34,16,66
9542,42,17,46
9543,31,16,42
9544,42,16,94
9545,44,15,47
9546,20,17,10
9547,34,16,87
9548,56,17,37
9549,64,18,46
9550,19,18,20
9551,29,17,49
9552,53,16,27
9553,61,17,43
9554,47,17,7
9555,55,18,66
9556,35,17,64
9557,57,19,74
9558,60,19,89
9559,46,18,5
9560,47,16,39
9561,61,16,43
9562,21,18,22
9563,28,16,69
9564,60,15,89
9565,32,19,42
9566,30,15,87
9567,60,15,79
9568,48,15,10
9569,50,18,7
9570,50,15,27
9571,60,17,41
9572,50,16,39
9573,44,18,7
9574,19,17,10
9575,60,17,6
9576,20,19,43
9577,35,19,62
9578,48,17,56
9579,57,19,24
9580,25,16,80
9581,45,16,21
9582,27,19,79
9583,40,15,70
9584,52,17,35
9585,64,16,24
9586,19,19,67
9587,27,19,13
9588,38,16,18
9589,37,16,70
9590,54,15,46
9591,58,19,90
9592,63,19,11
9593,22,18,74
9594,27,15,80
9595,59,16,81
9596,40,16,64
9597,36,17,88
9598,30,16,17
9599,60,19,8
9600,61,16,3
9601,57,19,22
9602,27,19,38
9603,24,15,4
9604,37,16,72
9605,25,15,4
9606,34,19,5
9607,23,16,9
9608,34,16,86
9609,19,15,66
9610,55,15,43
9611,57,19,56
9612,37,19,43
9613,55,16,7
9614,35,16,91
9615,44,18,84
9616,40,18,65
9617,26,17,3
9618,51,19,27
9619,20,17,83
9620,48,17,48
9621,38,15,17
9622,36,15,71
9623,61,18,19
9624,28,17,23
9625,42,18,55
9626,22,19,57
9627,55,16,89
9628,22,15,12
9629,31,19,83
9630,43,19,59
9631,31,15,67
9632,36,15,39
9633,42,17,9
9634,20,18,78
9635,51,19,42
9636,37,17,52
9637,27,17,3
9638,46,19,22
9639,53,19,33
9640,57,16,70
9641,28,18,92
9642,19,19,14
9643,60,15,24
9644,39,16,3
9645,27,18,3
9646,33,15,5
9647,53,15,78
9648,23,18,23
9649,59,16,15
9650,40,15,63
9651,59,17,15
9652,41,18,84
9653,25,18,35
9654,41,19,8
9655,62,16,27
9656,43,17,25
9657,45,17,90
9658,59,19,28
9659,24,15,6
9660,52,15,37
9661,27,17,77
9662,51,16,27
9663,24,15,22
9664,55,18,3
9665,49,19,70
9666,52,16,25
9667,59,15,24
9668,47,17,64
9669,32,19,3
9670,54,15,61
9671,54,17,70
9672,33,15,21
9673,26,19,32
9674,44,18,3
9675,54,18,50
9676,39,17,21
9677,46,18,54
9678,22,19,87
9679,34,17,24
9680,40,15,52
9681,30,16,68
9682,34,15,8
9683,58,19,66
9684,56,17,23
9685,60,15,21
9686,55,17,93
9687,47,18,39
9688,36,16,65
9689,28,19,31
9690,60,15,62
9691,57,16,94
9692,36,19,36
9693,19,19,3
9694,57,18,50
9695,39,17,91
9696,19,17,23
9697,33,16,36
9698,22,18,28
9699,38,19,38
9700,28,18,25
9701,41,18,83
9702,59,16,49
9703,52,17,78
9704,64,18,46
9705,51,18,22
9706,52,18,29
9707,57,15,63
9708,28,18,39
9709,38,18,86
9710,19,19,54
9711,31,15,77
9712,19,18,94
9713,23,18,64
9714,34,16,68
9715,33,16,26
9716,46,15,82
9717,49,19,14
9718,41,15,18
9719,63,15,38
9720,61,16,4
9721,35,16,91
9722,52,19,64
9723,31,18,66
9724,32,19,31
9725,29,18,94
9726,46,17,76
9727,60,16,89
9728,50,17,33
9729,53,17,85
9730,49,16,17
9731,35,17,57
9732,27,15,35
9733,28,18,83
9734,26,19,54
9735,39,16,22
9736,31,15,75
9737,23,19,40
9738,24,19,5
9739,48,19,56
9740,49,17,68
9741,35,17,20
9742,29,17,89
9743,38,17,85
9744,27,15,9
9745,20,17,37
9746,55,16,86
9747,19,19,86
9748,22,15,85
9749,54,17,82
9750,43,19,87
9751,21,15,62
9752,27,19,26
9753,40,15,41
9754,41,18,14
9755,30,15,55
9756,28,17,66
9757,52,19,6
9758,61,19,7
9759,28,19,18
9760,48,16,29
9761,40,16,6
9762,24,17,74
9763,20,18,50
9764,48,16,10
9765,20,15,83
9766,50,17,48
9767,60,18,46
9768,34,15,69
9769,30,19,93
9770,19,16,54
9771,26,15,36
9772,31,18,64
9773,33,17,23
9774,62,15,26
9775,26,17,46
9776,28,19,43
9777,64,18,31
9778,23,18,8
9779,37,16,58
9780,56,18,16
9781,29,15,52
9782,61,15,80
9783,38,15,54
9784,38,19,90
9785,39,18,79
9786,36,18,3
9787,28,15,14
9788,52,16,26
9789,44,16,39
9790,48,18,86
9791,27,18,72
9792,64,17,78
9793,49,18,87
9794,60,15,5
9795,22,19,29
9796,24,18,55
9797,32,18,19
9798,22,15,17
9799,44,17,41
9800,57,18,6
9801,35,16,19
9802,37,16,13
9803,24,16,14
9804,47,19,34
9805,29,19,29
9806,34,18,46
9807,48,18,45
9808,43,18,93
9809,58,19,51
9810,29,18,75
9811,25,15,45
9812,44,17,5
9813,40,16,31
9814,43,16,87
9815,37,15,37
9816,49,18,50
9817,44,19,76
9818,60,18,89
9819,59,18,41
9820,54,16,91
9821,41,16,26
9822,31,19,22
9823,43,16,17
9824,20,18,87
9825,20,15,78
9826,34,19,20
9827,27,15,62
9828,46,18,89
9829,31,19,43
9830,53,15,71
9831,59,19,92
9832,31,18,77
9833,49,19,13
9834,39,18,58
9835,50,19,20
9836,52,19,14
9837,26,16,18
9838,59,18,29
9839,20,17,19
9840,56,19,87
9841,50,15,33
9842,58,16,37
9843,46,16,29
9844,55,19,89
9845,59,17,34
9846,19,16,19
9847,59,18,13
9848,28,19,3
9849,22,19,94
9850,53,17,84
9851,28,18,51
9852,29,18,43
9853,32,17,22
9854,56,15,73
9855,30,18,39
9856,63,15,18
9857,35,15,41
9858,34,19,47
9859,53,19,66
9860,20,16,49
9861,29,19,25
9862,59,18,34
9863,21,18,51
9864,47,15,83
9865,36,18,21
9866,38,19,80
9867,32,19,69
9868,52,19,41
9869,49,17,91
9870,58,18,62
9871,60,16,13
9872,36,18,51
9873,48,18,17
9874,43,17,85
9875,37,18,63
9876,26,15,45
9877,46,19,17
9878,26,19,81
9879,49,17,81
9880,21,19,75
9881,21,15,7
9882,62,17,85
9883,40,16,90
9884,35,19,31
9885,54,18,64
9886,35,15,62
9887,32,15,71
9888,27,19,24
9889,48,16,15
9890,39,18,52
9891,30,16,49
9892,55,16,31
9893,50,19,82
9894,29,18,19
9895,38,19,22
9896,53,19,80
9897,64,15,8
9898,29,19,24
9899,26,17,11
9900,22,18,34
9901,45,15,90
9902,62,18,35
9903,58,15,79
9904,56,17,72
9905,48,19,51
9906,62,15,32
9907,45,15,18
9908,39,15,67
9909,38,17,84
9910,22,18,88
9911,29,17,92
9912,31,15,16
9913,27,15,58
9914,22,19,39
9915,30,17,51
9916,27,17,80
9917,31,16,92
9918,44,18,52
9919,56,16,38
9920,60,16,54
9921,31,18,25
9922,57,19,68
9923,46,19,73
9924,37,18,47
9925,42,18,88
9926,37,17,30
9927,31,17,22
9928,31,17,51
9929,46,17,59
9930,20,15,84
9931,28,15,90
9932,40,19,61
9933,31,15,28
9934,27,15,21
9935,51,17,15
9936,32,17,76
9937,38,18,64
9938,33,17,16
9939,50,18,75
9940,51,18,13
9941,35,15,69
9942,42,17,14
9943,48,15,37
9944,31,17,41
9945,34,15,34
9946,20,15,16
9947,35,15,67
9948,50,19,29
9949,61,15,62
9950,26,16,45
9951,21,16,67
9952,30,16,57
9953,38,18,90
9954,34,15,83
9955,32,16,37
9956,34,18,34
9957,61,16,21
9958,51,17,41
9959,48,19,22
9960,30,15,30
9961,33,19,5
9962,36,19,34
9963,46,17,88
9964,41,17,60
9965,32,17,56
9966,48,18,44
9967,51,16,17
9968,63,15,85
9969,33,17,64
9970,25,15,33
9971,33,15,63
9972,60,15,28
9973,64,17,71
9974,56,17,59
9975,64,16,22
9976,62,17,68
9977,29,17,23
9978,47,15,62
9979,49,16,65
9980,43,19,53
9981,42,17,94
9982,37,17,86
9983,20,19,41
9984,40,15,13
9985,38,16,59
9986,51,15,5
9987,26,18,39
9988,43,17,86
9989,64,18,27
9990,27,17,23
9991,52,18,82
9992,41,19,44
9993,23,17,3
9994,43,17,25
9995,26,18,26
9996,34,16,49
9997,63,18,91
9998,33,17,9
9999,19,17,40
10000,40,16,49
